documentId,ipAddress,timestamp,bulkId,questionId,legendType,selectedAnswer,correctAnswer,isCorrect,timeSpentSeconds,legendInteractionCount,zoomCount,panCount,clickCount,initialZoom,finalZoom,totalInteractions
"0AD9sgDQgEuaN4A6UPSD","46.15.44.237","2025-05-06T06:16:35.210Z","3","9","interactive","Mindre tiltak meldt","Mindre tiltak fullført","0","45","0","7","8","0","13","18","15"
"0HYHd50rtgLy9Xt6V8Xw","104.28.31.33","2025-04-24T08:33:57.027Z","3","9","gaze-adaptive","Mindre tiltak fullført","Mindre tiltak fullført","1","28","7","4","7","2","13","17","20"
"0TEG6rG273HzPvUhSb3I","104.28.31.33","2025-04-24T08:32:40.446Z","2","6","shopping-basket","Liten bygning","Liten bygning","1","37","9","7","13","11","12","18","40"
"0bnxWENgNZDbh4Dr1g4c","104.28.31.33","2025-04-24T08:32:02.849Z","2","5","shopping-basket","Høy nøyaktighet","Svært høy nøyaktighet","0","40","3","10","15","5","12","18","33"
"0g00ssgo94Zi5yrfrYtC","185.71.211.104","2025-04-25T21:33:39.187Z","3","8","gaze-adaptive","Under bygging","Mindre tiltak meldt","0","14","4","3","4","1","13","16","12"
"0hUOzo02l3OIB18IeCC7","85.164.166.31","2025-04-24T07:58:08.228Z","3","7","shopping-basket","Middels trafikkmengde","Middels trafikkmengde","1","43","3","4","9","7","13","16","23"
"0nGd7dCnesQchDZMqyjb","129.241.236.182","2025-04-24T07:31:13.818Z","3","9","interactive","Mindre tiltak meldt","Mindre tiltak fullført","0","29","0","7","8","1","13","16","16"
"0pQcClX7m2BkGUvx8cyM","158.38.1.167","2025-05-06T07:18:00.572Z","3","9","shopping-basket","Mindre tiltak fullført","Mindre tiltak fullført","1","27","5","4","4","5","13","15","18"
"0rFRzhe3ERyOr2ReJra0","82.194.204.213","2025-04-27T18:57:10.471Z","3","7","interactive","Middels trafikkmengde","Middels trafikkmengde","1","69","0","27","35","1","13","15","63"
"149FY336k4JP7s1NyXcu","129.241.236.230","2025-04-30T12:32:57.671Z","3","8","interactive","Under bygging","Mindre tiltak meldt","0","19","0","6","6","0","13","15","12"
"1ONFabVqCHbE1CzABjkF","85.19.221.50","2025-05-05T09:16:28.498Z","2","6","interactive","Liten bygning","Liten bygning","1","19","0","1","1","0","12","15","2"
"1Slvhq5jXhpRRr8bWwVy","129.241.236.15","2025-04-24T14:49:51.962Z","2","4","gaze-adaptive","Høy nøyaktighet","Høy nøyaktighet","1","50","17","9","17","24","12","18","67"
"1TQmK7pC19rzpwPzYsno","176.221.89.67","2025-05-05T10:21:28.408Z","3","7","shopping-basket","Middels trafikkmengde","Middels trafikkmengde","1","20","2","2","2","2","13","14","8"
"1rMl7vWhSbha1ZpQtPPb","59.22.77.217","2025-05-04T15:18:47.176Z","2","4","shopping-basket","Høy nøyaktighet","Høy nøyaktighet","1","101","10","16","30","35","12","15","91"
"1t7UFborWGX4cXLtBld6","84.209.87.154","2025-04-25T13:16:26.712Z","1","2","shopping-basket","11-30 år","0-10 år","0","9","1","0","0","1","12","12","2"
"1ysjTKlIh3nCoLhP8TJN","109.74.178.138","2025-04-29T09:15:53.647Z","2","5","interactive","Svært høy nøyaktighet","Svært høy nøyaktighet","1","39","0","5","11","0","12","16","16"
"20zr3Q53rP0ylKtT95g7","129.241.236.51","2025-04-25T12:03:17.195Z","3","7","gaze-adaptive","Høy trafikkmengde","Middels trafikkmengde","0","28","8","7","8","1","13","15","24"
"22W8YkFcFqRVMaNGDewy","82.147.39.130","2025-05-05T10:51:00.232Z","2","4","interactive","Høy nøyaktighet","Høy nøyaktighet","1","57","0","10","19","3","12","15","32"
"297t2w66GLyxLrF5hKGt","129.241.236.166","2025-04-30T14:00:23.207Z","2","6","gaze-adaptive","Liten bygning","Liten bygning","1","20","5","4","5","0","12","16","14"
"2P31xNbVpHkrQnDRopJI","129.241.236.59","2025-04-24T06:59:48.163Z","3","9","gaze-adaptive","Mindre tiltak fullført","Mindre tiltak fullført","1","20","4","2","4","0","13","16","10"
"2PnxpWBa4m2mSmQOZ1cr","129.241.236.59","2025-04-24T14:13:38.002Z","3","9","interactive","Søknad godkjent","Mindre tiltak fullført","0","18","0","0","0","0","13","13","0"
"2SBCZu8N6ACjuwr3JgRG","129.241.236.96","2025-04-24T07:53:35.053Z","2","6","interactive","Liten bygning","Liten bygning","1","17","0","4","6","0","12","13","10"
"2WMXH2JxgiQauq1aMUQa","178.164.115.244","2025-04-28T12:14:01.745Z","2","5","gaze-adaptive","Svært lav nøyaktighet","Svært høy nøyaktighet","0","36","24","20","24","0","12","16","68"
"2WXdMT9knVGs5h6kVp3j","84.209.87.154","2025-04-25T13:16:45.801Z","1","3","shopping-basket","Fugl","Fugl","1","19","3","0","0","3","12","12","6"
"2ZOJ4uXzIqslVXN7K6ii","158.38.1.167","2025-05-06T07:16:59.433Z","3","7","shopping-basket","Middels trafikkmengde","Middels trafikkmengde","1","46","3","4","4","14","13","14","25"
"2mLGX67uBmyBEkmHwIUS","178.164.115.244","2025-04-28T12:12:19.790Z","1","2","interactive","0-10 år","0-10 år","1","50","0","5","6","1","12","13","12"
"34mF7oQCVRX7jrOKgpXe","84.16.219.44","2025-05-06T17:02:07.857Z","3","9","interactive","Midlertidig tatt i bruk","Mindre tiltak fullført","0","16","0","3","3","0","13","17","6"
"36ZVMdEIrmqLcODLLUoT","129.241.236.209","2025-04-28T12:11:05.745Z","2","5","gaze-adaptive","Svært høy nøyaktighet","Svært høy nøyaktighet","1","31","15","9","15","0","12","18","39"
"39Z8vmqDjD9kdrUsHFo0","129.241.236.37","2025-04-30T13:58:36.076Z","1","1","shopping-basket","Karplanter","Karplanter","1","81","8","0","0","12","12","12","20"
"3QvpZuKCJBMTWECriW23","129.241.236.37","2025-04-30T14:01:43.739Z","2","5","gaze-adaptive","Svært lav nøyaktighet","Svært høy nøyaktighet","0","28","9","6","9","1","12","14","25"
"3U7xLSiqe95Ebb9woRVZ","129.241.236.96","2025-04-24T07:51:19.809Z","1","1","gaze-adaptive","Karplanter","Karplanter","1","26","3","3","3","0","12","13","9"
"3WzMtSmo2TvEdR8A80Kw","129.241.236.3","2025-04-25T14:36:08.715Z","3","7","shopping-basket","Middels trafikkmengde","Middels trafikkmengde","1","16","1","2","3","1","13","14","7"
"3aEmP21gGhOo2jzxXHJe","186.79.173.59","2025-04-24T13:02:00.402Z","2","5","interactive","Svært høy nøyaktighet","Svært høy nøyaktighet","1","27","0","13","16","0","12","15","29"
"3oTb0VBCAhbwtVhHUKhY","129.241.236.15","2025-04-30T11:03:10.110Z","3","9","gaze-adaptive","Søknad godkjent","Mindre tiltak fullført","0","39","1","1","1","1","13","13","4"
"3r1EK298jijAQLZcn2IT","185.39.203.222","2025-05-05T13:40:20.227Z","3","9","interactive","Mindre tiltak fullført","Mindre tiltak fullført","1","27","0","5","8","0","13","16","13"
"3xxt39B3yjYQqhJICnNR","129.241.236.166","2025-04-30T14:01:17.051Z","3","8","interactive","Mindre tiltak meldt","Mindre tiltak meldt","1","21","0","5","7","0","13","15","12"
"3zJaPVuiC94RtASwY7uE","129.241.236.3","2025-04-25T14:34:15.386Z","1","3","gaze-adaptive","Fugl","Fugl","1","24","0","0","0","0","12","12","0"
"4KZ1GevRjoyApDj3AZkY","129.241.236.191","2025-05-02T09:01:28.512Z","2","6","interactive","Liten bygning","Liten bygning","1","22","0","2","5","0","12","14","7"
"4YMEftWS59zrx4wPNMlr","129.241.236.15","2025-04-30T11:01:47.989Z","2","6","shopping-basket","Liten bygning","Liten bygning","1","16","3","0","0","5","12","12","8"
"4iRLAN1zjx5ftKfWBxgU","81.167.240.7","2025-04-24T11:34:52.568Z","3","9","interactive","Midlertidig tatt i bruk","Mindre tiltak fullført","0","24","0","4","4","2","13","17","10"
"4rKBELBso7utklslmAla","109.74.178.138","2025-04-29T09:13:06.561Z","1","1","gaze-adaptive","Karplanter","Karplanter","1","49","18","7","16","2","12","14","43"
"4s65hvD1xFolP3XDi6pR","185.71.211.104","2025-04-25T21:33:09.368Z","2","6","interactive","Liten bygning","Liten bygning","1","20","0","9","12","0","12","15","21"
"4w6CI6PcjFqbGbimE5fS","178.164.42.170","2025-04-25T07:47:14.229Z","2","5","interactive","Svært lav nøyaktighet","Svært høy nøyaktighet","0","32","0","11","11","0","12","16","22"
"572iseQXxyu9jxjKwXTh","84.16.219.44","2025-05-06T16:59:15.576Z","1","3","gaze-adaptive","Fugl","Fugl","1","17","0","0","0","0","12","12","0"
"5CrgkFqzlWVmXAv6sUyh","195.69.0.8","2025-04-24T16:33:19.490Z","3","9","shopping-basket","Mindre tiltak fullført","Mindre tiltak fullført","1","46","8","3","5","13","13","15","29"
"5FSxFQSmIXcfWMQ1kyj1","129.241.236.175","2025-04-24T07:19:15.768Z","1","2","gaze-adaptive","0-10 år","0-10 år","1","20","6","6","6","0","12","14","18"
"5KM6ojfeFDORY2JmiBwY","78.156.8.234","2025-04-30T16:26:01.720Z","2","6","gaze-adaptive","Liten bygning","Liten bygning","1","3","0","0","0","0","12","12","0"
"5ZNWowhLqiHV8Wtl6sFV","84.16.219.44","2025-05-06T17:00:54.778Z","2","6","shopping-basket","Liten bygning","Liten bygning","1","20","0","5","6","0","12","15","11"
"5ioASlvZm2HFaAfnzLhy","212.20.204.67","2025-05-05T10:00:20.731Z","3","7","interactive","Middels trafikkmengde","Middels trafikkmengde","1","39","0","8","10","1","13","20","19"
"5rPr5rS7uAcDexw5tqYV","129.241.236.174","2025-04-24T06:46:19.003Z","1","2","gaze-adaptive","11-30 år","0-10 år","0","40","5","5","5","2","12","14","17"
"6BGOe0LBLzFVuOkaWP8u","82.147.61.76","2025-05-09T06:44:20.719Z","1","3","interactive","Fugl","Fugl","1","30","0","0","0","0","12","12","0"
"6F9pizT6yGnGdRlAQgOC","185.176.244.74","2025-05-10T18:30:30.091Z","1","1","gaze-adaptive","Karplanter","Karplanter","1","34","6","6","6","0","12","14","18"
"6ap3EwpKRFf7sbc32fie","176.221.89.67","2025-05-05T10:20:30.971Z","2","4","interactive","Høy nøyaktighet","Høy nøyaktighet","1","57","0","9","9","0","12","14","18"
"6fe9VSIdgqDo27K7UxA1","109.74.178.138","2025-04-29T09:16:12.432Z","2","6","interactive","Liten bygning","Liten bygning","1","19","0","3","5","0","12","15","8"
"6kK9gKOlHNgLvDTiJPSr","85.19.221.50","2025-05-05T09:17:18.427Z","3","8","shopping-basket","Mindre tiltak meldt","Mindre tiltak meldt","1","32","2","1","1","2","13","15","6"
"6qzHw1LYssqTfcWdb0Xx","101.9.247.52","2025-04-24T07:35:22.904Z","3","8","shopping-basket","Mindre tiltak meldt","Mindre tiltak meldt","1","54","8","4","7","11","13","17","30"
"6w48kKY4hkvOxulLCtMP","85.165.226.200","2025-05-05T09:27:28.019Z","1","3","shopping-basket","Fugl","Fugl","1","52","4","9","9","4","12","13","26"
"6wWuAojSjjPBNj518U6u","151.81.139.111","2025-04-24T13:43:47.790Z","3","8","gaze-adaptive","Mindre tiltak meldt","Mindre tiltak meldt","1","52","24","15","24","2","13","21","65"
"74YYuVaU2DVtAjyRTzno","129.241.236.191","2025-05-02T09:03:00.114Z","3","8","shopping-basket","Midlertidig tatt i bruk","Mindre tiltak meldt","0","73","8","2","4","9","13","15","23"
"76wYqMyoQqThdvaZInwG","129.241.236.182","2025-04-24T07:30:44.490Z","3","8","interactive","Mindre tiltak meldt","Mindre tiltak meldt","1","24","0","2","3","0","13","15","5"
"7GoZpoDkQuoNHmMaub3B","129.241.236.6","2025-04-30T09:26:37.636Z","2","4","interactive","Høy nøyaktighet","Høy nøyaktighet","1","45","0","14","22","2","12","16","38"
"7JILlHFTUsXXQOTRzuD7","176.221.89.67","2025-05-05T10:22:13.260Z","3","8","shopping-basket","Mindre tiltak meldt","Mindre tiltak meldt","1","45","4","1","1","8","13","14","14"
"7L8rSg6xjsP5fjuGWEXr","188.216.100.236","2025-04-24T08:19:48.181Z","2","5","gaze-adaptive","Svært høy nøyaktighet","Svært høy nøyaktighet","1","40","17","14","16","0","12","18","47"
"7Or3CZo6OitxumjnznOH","78.156.8.234","2025-04-30T16:25:37.460Z","2","4","gaze-adaptive","Lav nøyaktighet","Høy nøyaktighet","0","11","0","0","0","0","12","12","0"
"7PPjsXPK0ohcFu23LKIz","94.255.240.119","2025-04-25T13:00:17.090Z","2","4","shopping-basket","Svært høy nøyaktighet","Høy nøyaktighet","0","76","5","31","35","5","12","15","76"
"7iCkLFX2b5J6Xl5mXGoq","158.38.1.167","2025-05-06T07:16:01.629Z","2","5","gaze-adaptive","Svært lav nøyaktighet","Svært høy nøyaktighet","0","25","7","5","7","0","12","15","19"
"83IfsbRYqeVKk1kg1TbM","129.241.236.182","2025-04-24T07:27:24.097Z","1","2","shopping-basket","11-30 år","0-10 år","0","31","2","2","3","3","12","13","10"
"88LXLxV4tpKx91reXAc9","129.241.236.15","2025-04-30T11:02:31.383Z","3","8","gaze-adaptive","Mindre tiltak meldt","Mindre tiltak meldt","1","29","6","6","6","2","13","15","20"
"8BbIEtAqtG4dUmxkytr6","129.241.236.26","2025-04-24T08:28:11.639Z","3","8","gaze-adaptive","Ferdig bygget","Mindre tiltak meldt","0","5","0","0","0","2","13","13","2"
"8DezVfTe91GBhJxkJ762","84.16.219.44","2025-05-06T17:00:34.581Z","2","5","shopping-basket","Middels nøyaktighet","Svært høy nøyaktighet","0","15","0","3","3","0","12","13","6"
"8UxiSMvvCgyr7P28H1I8","185.71.211.104","2025-04-25T21:30:54.828Z","1","1","shopping-basket","Karplanter","Karplanter","1","49","6","12","13","15","12","14","46"
"8Z1l4JVwclmqNsYkfYEf","129.241.236.85","2025-04-24T09:54:02.750Z","3","8","interactive","Mindre tiltak meldt","Mindre tiltak meldt","1","21","0","3","5","0","13","17","8"
"8ZfgKnnIELg3F5TJjd6W","129.241.236.166","2025-04-30T14:00:02.629Z","2","5","gaze-adaptive","Svært høy nøyaktighet","Svært høy nøyaktighet","1","36","17","11","17","0","12","16","45"
"8gBWY0vya6YvL9XYNr5M","82.147.39.130","2025-05-05T10:50:03.409Z","1","3","shopping-basket","Fugl","Fugl","1","51","6","7","11","15","12","12","39"
"8lF3cAyJ68obJntpVHZl","129.241.236.51","2025-04-25T11:59:28.051Z","1","1","interactive","Karplanter","Karplanter","1","52","0","7","11","3","12","14","21"
"8ofesGgkVGr8KSeZ6SAn","185.176.244.74","2025-05-10T18:32:41.682Z","2","6","interactive","Liten bygning","Liten bygning","1","18","0","6","9","0","12","14","15"
"8v7yEVprvEZkfNVYjh0V","159.171.152.2","2025-05-06T12:02:55.436Z","1","1","interactive","Karplanter","Karplanter","1","39","0","9","9","0","12","14","18"
"8vtTcDP2nKDUjXMP3J99","129.241.236.26","2025-04-24T08:25:10.794Z","1","1","interactive","Karplanter","Karplanter","1","33","0","1","1","0","12","13","2"
"8wcVfSaB0E3qD8Rvij9T","84.202.66.130","2025-04-24T08:58:19.673Z","3","8","gaze-adaptive","Mindre tiltak meldt","Mindre tiltak meldt","1","29","11","8","11","0","13","17","30"
"9BoKvBgYkWYPnjKGSqJR","129.241.236.209","2025-04-28T12:12:26.413Z","3","8","interactive","Mindre tiltak meldt","Mindre tiltak meldt","1","29","0","4","5","1","13","15","10"
"9EJhLS96d4Tc8nNv6iKZ","82.147.39.130","2025-05-05T10:51:33.363Z","2","6","interactive","Liten bygning","Liten bygning","1","11","0","2","2","0","12","15","4"
"9NgpjyBhoshm1NsJsxAo","129.241.236.59","2025-04-24T14:12:21.355Z","2","5","shopping-basket","Svært høy nøyaktighet","Svært høy nøyaktighet","1","13","1","4","5","1","12","14","11"
"9PIcx7ghEtT03BksMkhV","82.147.61.76","2025-05-09T07:16:25.957Z","3","7","gaze-adaptive","Middels trafikkmengde","Middels trafikkmengde","1","15","1","1","1","0","13","14","3"
"9XeB03KGf1tIwCqDdQ5Z","129.241.236.174","2025-04-24T06:49:28.261Z","3","7","shopping-basket","Middels trafikkmengde","Middels trafikkmengde","1","16","1","2","2","1","13","14","6"
"9Zwt12HDmgBOK66HxRBJ","101.9.247.52","2025-04-24T07:33:40.172Z","2","5","gaze-adaptive","Svært høy nøyaktighet","Svært høy nøyaktighet","1","29","6","5","6","0","12","16","17"
"9fvk5TanODRzBXY9OWZg","129.241.236.174","2025-04-24T06:46:47.945Z","1","3","gaze-adaptive","Fugl","Fugl","1","29","3","1","3","0","12","12","7"
"9g6fLPQHwGuffKCjQcEh","129.241.236.230","2025-04-30T12:31:43.031Z","2","5","shopping-basket","Svært lav nøyaktighet","Svært høy nøyaktighet","0","46","5","8","10","7","12","16","30"
"9ldTZBwF40n9IjyHLCPm","59.22.77.217","2025-05-04T15:20:28.390Z","3","8","gaze-adaptive","Mindre tiltak meldt","Mindre tiltak meldt","1","37","3","1","3","2","13","14","9"
"9rEZSJMIa4AyrvKBs66n","146.2.243.175","2025-05-06T08:56:21.472Z","3","8","shopping-basket","Mindre tiltak meldt","Mindre tiltak meldt","1","39","8","7","7","5","13","18","27"
"9zFTsh4UtYzsqlhqWcGt","82.147.39.130","2025-05-05T10:51:22.148Z","2","5","interactive","Svært høy nøyaktighet","Svært høy nøyaktighet","1","22","0","3","3","1","12","16","7"
"A5cdpXCOzeiEeF1vxiSL","129.241.236.51","2025-04-25T12:01:48.856Z","2","5","shopping-basket","Svært høy nøyaktighet","Svært høy nøyaktighet","1","46","6","20","26","11","12","14","63"
"A6dcsI0O9BdMVlZtu3XG","93.70.14.43","2025-05-08T11:16:20.850Z","1","2","shopping-basket","0-10 år","0-10 år","1","40","8","6","8","6","12","15","28"
"A7xgrYc6WWelCmXK7wPL","129.241.236.166","2025-04-30T13:57:36.299Z","1","2","shopping-basket","0-10 år","0-10 år","1","27","4","8","12","5","12","15","29"
"A8I7lFa3tIrVVkuvaTFJ","129.241.236.191","2025-05-02T09:01:46.790Z","3","7","shopping-basket","Middels trafikkmengde","Middels trafikkmengde","1","18","1","2","4","1","13","15","8"
"ARD22P2BhK8YFDtMRjl9","109.74.178.138","2025-04-29T09:13:38.392Z","1","2","gaze-adaptive","11-30 år","0-10 år","0","32","14","10","14","0","12","14","38"
"AU2MuhwErunKLOsu1TVR","129.241.236.85","2025-04-24T09:50:35.390Z","1","1","gaze-adaptive","Karplanter","Karplanter","1","22","2","2","2","0","12","14","6"
"AYDO9Depo1iF201xjugb","82.194.204.213","2025-04-27T18:54:59.534Z","2","4","shopping-basket","Høy nøyaktighet","Høy nøyaktighet","1","76","5","15","24","16","12","15","60"
"AcZpv6jzdywCWG9TrfUn","195.69.0.8","2025-04-24T16:30:33.156Z","2","4","interactive","Høy nøyaktighet","Høy nøyaktighet","1","90","0","22","24","0","12","14","46"
"BEYJ3b5SsZ2blR1CURFB","129.241.236.96","2025-04-24T07:53:18.054Z","2","5","interactive","Svært høy nøyaktighet","Svært høy nøyaktighet","1","29","0","5","8","0","12","13","13"
"BHtrzev4mOyNhAiy6nYi","129.241.236.6","2025-04-30T09:25:52.784Z","1","3","shopping-basket","Fugl","Fugl","1","13","2","3","4","2","12","13","11"
"BL8s1IgcKzF5qTkeddLO","93.70.14.43","2025-05-08T11:15:40.253Z","1","1","shopping-basket","Karplanter","Karplanter","1","52","6","4","4","8","12","14","22"
"BOhQb4ECJBHLe0UMhcHD","85.165.226.200","2025-05-05T09:29:49.015Z","3","7","gaze-adaptive","Middels trafikkmengde","Middels trafikkmengde","1","26","5","5","5","0","13","16","15"
"BRf4mOjfmM5YxXezmEPJ","84.16.219.44","2025-05-06T16:58:41.328Z","1","1","gaze-adaptive","Karplanter","Karplanter","1","17","6","6","6","0","12","14","18"
"Bj43oDIEMtpS3kuyzzyM","129.241.236.6","2025-04-30T09:31:12.312Z","3","9","gaze-adaptive","Mindre tiltak fullført","Mindre tiltak fullført","1","14","5","5","5","1","13","16","16"
"BomWHkmkA7od6oriL4IQ","129.241.236.15","2025-04-30T11:01:31.440Z","2","5","shopping-basket","Lav nøyaktighet","Svært høy nøyaktighet","0","859","5","0","0","12","12","12","17"
"BxhJ7PtjwlXFabIhW7De","51.13.116.207","2025-05-05T09:41:04.557Z","2","5","shopping-basket","Svært høy nøyaktighet","Svært høy nøyaktighet","1","49","10","3","4","10","12","14","27"
"C8RuJybRnwpFqcB7ddnW","178.164.42.170","2025-04-25T07:46:42.583Z","2","4","interactive","Høy nøyaktighet","Høy nøyaktighet","1","69","0","36","36","1","12","15","73"
"C9JhDVoswPLEub1JEyeX","104.28.31.33","2025-04-24T08:31:22.458Z","2","4","shopping-basket","Svært lav nøyaktighet","Høy nøyaktighet","0","126","11","27","70","19","12","15","127"
"CBhrkijqgfWGPVIwbBfw","178.164.115.244","2025-04-28T12:14:17.828Z","2","6","gaze-adaptive","Liten bygning","Liten bygning","1","16","6","5","6","0","12","14","17"
"CIry9GxcfY7NJB0OkWo1","129.241.236.37","2025-04-30T13:59:00.254Z","1","2","shopping-basket","0-10 år","0-10 år","1","24","4","0","0","4","12","12","8"
"CJHg2G9OCrqaGhYXMAAq","85.164.166.31","2025-04-24T08:00:40.113Z","3","9","shopping-basket","Mindre tiltak fullført","Mindre tiltak fullført","1","72","7","17","32","9","13","16","65"
"CTsUAMPKgCVSMu0kJpyC","129.241.236.191","2025-05-02T08:59:53.776Z","1","3","gaze-adaptive","Fugl","Fugl","1","27","9","5","9","0","12","13","23"
"CZGR5XG4NLrUOfwznd7C","129.241.236.37","2025-04-30T14:03:04.278Z","3","8","interactive","Mindre tiltak meldt","Mindre tiltak meldt","1","39","0","12","12","2","13","15","26"
"CdP3Ev7VBI2rkRjtUjyL","129.241.236.59","2025-04-24T14:10:58.051Z","1","2","gaze-adaptive","11-30 år","0-10 år","0","23","5","5","5","2","12","13","17"
"Cfw4Fe1kFEVb1u0UeBRs","129.241.236.85","2025-04-24T09:54:23.168Z","3","9","interactive","Mindre tiltak fullført","Mindre tiltak fullført","1","20","0","4","4","1","13","17","9"
"Cl93fexxHTTyMnb2tB0B","212.20.204.67","2025-05-05T09:59:17.366Z","2","5","gaze-adaptive","Svært høy nøyaktighet","Svært høy nøyaktighet","1","54","11","9","11","3","12","18","34"
"Cx0833M5w8sbkf6sxrGD","129.241.236.15","2025-04-30T10:46:23.967Z","1","3","interactive","Fugl","Fugl","1","12","0","0","0","0","12","12","0"
"D1G3KbVdmIEpr8EIvZRE","77.88.123.6","2025-05-05T12:06:11.994Z","3","8","gaze-adaptive","Mindre tiltak meldt","Mindre tiltak meldt","1","40","3","2","3","2","13","16","10"
"D2WAEK7e15bvnp4VkHCx","129.241.236.188","2025-04-25T14:18:06.458Z","3","9","shopping-basket","Ferdig bygget","Mindre tiltak fullført","0","91","12","20","41","34","13","15","107"
"D6ohhY4cbW76GFlu4Klp","129.241.236.166","2025-04-30T14:00:56.420Z","3","7","interactive","Middels trafikkmengde","Middels trafikkmengde","1","33","0","19","20","1","13","14","40"
"DFIjDFhzekacCrOpSWZw","129.241.236.24","2025-04-24T12:24:42.407Z","1","1","interactive","Karplanter","Karplanter","1","26","0","3","3","0","12","14","6"
"DJlr20RgyvGIXIPMV6g2","188.113.113.215","2025-04-24T13:36:24.575Z","1","3","shopping-basket","Fugl","Fugl","1","41","6","4","5","11","12","13","26"
"DZjZP4CRH1GtHQbutnnr","81.0.157.136","2025-05-05T09:48:00.442Z","1","2","gaze-adaptive","0-10 år","0-10 år","1","40","12","9","12","0","12","14","33"
"DaJRuV441PkpgxAutFsO","101.9.247.52","2025-04-24T07:31:23.067Z","1","1","interactive","Karplanter","Karplanter","1","35","0","4","4","2","12","13","10"
"DbUl0M2QY3PZLaSznTeB","94.255.240.119","2025-04-25T12:58:17.284Z","1","2","gaze-adaptive","0-10 år","0-10 år","1","27","8","7","8","0","12","13","23"
"DdpxATb3PTR2xGXZbxcM","129.241.236.59","2025-04-24T06:58:01.287Z","2","4","shopping-basket","Svært høy nøyaktighet","Høy nøyaktighet","0","201","28","42","106","23","12","15","199"
"DdvH517rh1PqvNv8iMPL","81.167.240.7","2025-04-24T11:24:03.533Z","1","1","shopping-basket","Karplanter","Karplanter","1","79","5","5","5","5","12","13","20"
"Dk3HYrMwED3g3X6sQa2L","51.13.116.207","2025-05-05T09:42:59.689Z","3","9","gaze-adaptive","Midlertidig tatt i bruk","Mindre tiltak fullført","0","41","5","3","5","5","13","16","18"
"DojOk07LmSnJq1IxkGiG","129.241.236.26","2025-04-24T08:25:58.083Z","1","3","interactive","Fugl","Fugl","1","16","0","4","4","1","12","11","9"
"Dq5YgNKJtBhPjq4mfGsf","129.241.236.6","2025-04-30T09:25:10.527Z","1","1","shopping-basket","Karplanter","Karplanter","1","30","6","3","3","10","12","14","22"
"Ds7plce3VQLFp3jDAEbJ","185.39.203.222","2025-05-05T13:38:51.134Z","3","7","interactive","Middels trafikkmengde","Middels trafikkmengde","1","15","0","1","1","0","13","14","2"
"DtwN8qrgEsXxOLV1g9Ij","186.79.173.59","2025-04-24T13:01:33.115Z","2","4","interactive","Høy nøyaktighet","Høy nøyaktighet","1","45","0","11","14","2","12","15","27"
"E8ZGkBKdJpGp6MoFJBmL","188.216.100.236","2025-04-24T08:20:46.870Z","3","7","interactive","Middels trafikkmengde","Middels trafikkmengde","1","35","0","16","20","2","13","16","38"
"EB9NTVCgzlWpleDearrv","85.19.221.50","2025-05-05T09:16:46.429Z","3","7","shopping-basket","Middels trafikkmengde","Middels trafikkmengde","1","18","1","0","0","1","13","13","2"
"EDunUsl4g4WGUsqwJPmL","78.156.8.234","2025-04-30T16:26:12.343Z","3","7","shopping-basket","Lav trafikkmengde","Middels trafikkmengde","0","11","1","1","1","0","13","13","3"
"EH4YdUlV0vDYQGWBYqBH","129.241.236.209","2025-04-28T12:11:57.724Z","3","7","interactive","Middels trafikkmengde","Middels trafikkmengde","1","28","0","6","11","1","13","13","18"
"EMlKfJFg2Gb4e1FXzenO","77.88.123.6","2025-05-05T12:04:33.494Z","2","5","shopping-basket","Svært høy nøyaktighet","Svært høy nøyaktighet","1","56","6","8","9","8","12","14","31"
"EWz1sg72d7z6MMmPUeUk","129.241.236.26","2025-04-24T08:28:06.204Z","3","7","gaze-adaptive","Middels trafikkmengde","Middels trafikkmengde","1","20","1","1","1","3","13","14","6"
"EZYYCuDfXmZM0QNjfdDz","101.9.247.52","2025-04-24T07:36:01.931Z","3","9","shopping-basket","Mindre tiltak fullført","Mindre tiltak fullført","1","39","6","6","8","8","13","16","28"
"EajYPnlB3EcWUXCb5elP","146.2.243.175","2025-05-06T08:53:02.495Z","1","1","gaze-adaptive","Karplanter","Karplanter","1","18","4","4","4","0","12","13","12"
"Ehui0Tm35sszb7rvhlTI","185.176.244.74","2025-05-10T18:31:10.109Z","1","2","gaze-adaptive","0-10 år","0-10 år","1","40","11","10","11","1","12","14","33"
"EviZMZiFaNuREnaBPisD","159.171.152.2","2025-05-06T12:03:43.498Z","1","2","interactive","0-10 år","0-10 år","1","48","0","4","4","1","12","15","9"
"ExWUyGoQ3lyWVse7qwKL","129.241.236.191","2025-05-02T09:03:27.496Z","3","9","shopping-basket","Under bygging","Mindre tiltak fullført","0","27","2","1","2","3","13","14","8"
"EyrbWTiJd5SXJ6nRzKd8","109.74.178.138","2025-04-29T09:16:37.458Z","3","7","shopping-basket","Middels trafikkmengde","Middels trafikkmengde","1","25","6","2","4","6","13","16","18"
"F2VS5vXTi8adwDZe474y","78.156.8.234","2025-04-30T16:26:22.713Z","3","9","shopping-basket","Mindre tiltak fullført","Mindre tiltak fullført","1","3","0","0","0","0","13","13","0"
"F3ER1ew0ii9E3TpqXUzk","77.88.123.6","2025-05-05T12:03:37.525Z","2","4","shopping-basket","Svært lav nøyaktighet","Høy nøyaktighet","0","103","5","7","14","17","12","16","43"
"FI9JduidNiJFClrI3diV","82.147.39.130","2025-05-05T10:49:12.118Z","1","2","shopping-basket","11-30 år","0-10 år","0","16","2","2","3","2","12","15","9"
"FSalbTw7G3qtqkySDTiX","101.9.247.52","2025-04-24T07:32:26.324Z","1","3","interactive","Fugl","Fugl","1","43","0","8","13","0","12","12","21"
"Fd6pT2JmNQpD8mYl52F4","59.22.77.217","2025-05-04T15:16:17.680Z","1","2","interactive","0-10 år","0-10 år","1","17","0","2","2","0","12","14","4"
"FzA0TL2IPnr5utB3fGHy","94.255.240.119","2025-04-25T12:59:00.201Z","1","3","gaze-adaptive","Fugl","Fugl","1","43","24","22","24","3","12","12","73"
"G54wY2zY51dGbm1bwssq","129.241.236.37","2025-04-30T14:03:25.421Z","3","9","interactive","Midlertidig tatt i bruk","Mindre tiltak fullført","0","21","0","3","4","0","13","14","7"
"GO8RJY8QZE2fipmHTTWc","185.39.203.222","2025-05-05T13:35:35.335Z","1","1","gaze-adaptive","Karplanter","Karplanter","1","22","0","0","0","0","12","12","0"
"GiSQIvWeNFalylIOQmmh","82.194.204.213","2025-04-27T18:53:17.418Z","1","2","gaze-adaptive","0-10 år","0-10 år","1","25","9","6","9","0","12","16","24"
"GnuqPNlleMwLkmSgH7wT","84.202.66.130","2025-04-24T08:57:50.060Z","3","7","gaze-adaptive","Middels trafikkmengde","Middels trafikkmengde","1","13","5","2","5","0","13","15","12"
"GpO3W7Gqa0XJwl7wUwdk","81.0.157.136","2025-05-05T09:47:20.545Z","1","1","gaze-adaptive","Karplanter","Karplanter","1","71","10","6","10","0","12","14","26"
"Gv20KdXewYS3HwMgAgbt","59.22.77.217","2025-05-04T15:17:03.470Z","1","3","interactive","Fugl","Fugl","1","45","0","4","11","0","12","12","15"
"H4iXKfTEgZqUL7yNXWBE","62.16.200.67","2025-04-26T09:58:29.049Z","1","1","interactive","Karplanter","Karplanter","1","71","0","2","5","5","12","14","12"
"H6cprp17Uj2Kqb3YwHIz","185.39.203.222","2025-05-05T13:36:07.977Z","1","2","gaze-adaptive","11-30 år","0-10 år","0","33","2","2","2","0","12","13","6"
"HFLRMf1Brpho8YohSi7k","51.13.116.207","2025-05-05T09:41:24.997Z","2","6","shopping-basket","Liten bygning","Liten bygning","1","20","2","3","5","3","12","15","13"
"HWg4HgnJvIz1WFX89uG3","188.216.100.236","2025-04-24T08:18:05.373Z","1","2","shopping-basket","0-10 år","0-10 år","1","31","4","4","4","6","12","14","18"
"HYc1I2cYffhy5MRE6WPS","82.147.61.76","2025-05-09T06:47:08.663Z","2","5","shopping-basket","Svært høy nøyaktighet","Svært høy nøyaktighet","1","36","6","5","6","6","12","15","23"
"HlmYcpVhJfPCOz5Nx5o3","87.248.12.202","2025-05-06T11:34:23.765Z","3","9","gaze-adaptive","Mindre tiltak fullført","Mindre tiltak fullført","1","22","6","6","6","0","13","18","18"
"IFnnj6gclLylQtXMLAex","129.241.236.96","2025-04-24T07:51:58.264Z","1","2","gaze-adaptive","0-10 år","0-10 år","1","38","5","3","5","0","12","13","13"
"IHkbUJlMHEHrrLFUbt6M","129.241.236.166","2025-04-30T13:57:08.849Z","1","1","shopping-basket","Krepsdyr","Karplanter","0","38","5","2","3","6","12","15","16"
"IRT9BHzOozTQJ6px9BJc","59.22.77.217","2025-05-04T15:19:19.807Z","2","5","shopping-basket","Svært høy nøyaktighet","Svært høy nøyaktighet","1","32","5","4","7","7","12","15","23"
"IWiPRoW1gnp8ZcpdVLkc","94.255.240.119","2025-04-25T13:00:58.587Z","2","5","shopping-basket","Høy nøyaktighet","Svært høy nøyaktighet","0","41","8","12","17","6","12","16","43"
"IZeeiaH5lhTHyP45BUhN","85.164.166.31","2025-04-24T07:53:57.259Z","1","3","gaze-adaptive","Fugl","Fugl","1","40","21","12","21","0","12","12","54"
"IjnA4TV3cPoXlqEN2wJM","46.15.44.237","2025-05-06T06:13:08.642Z","2","4","gaze-adaptive","Svært høy nøyaktighet","Høy nøyaktighet","0","86","34","22","34","1","12","17","91"
"IoBgokhbElefjUmjluME","84.208.184.34","2025-04-24T15:09:53.168Z","1","2","interactive","0-10 år","0-10 år","1","71","0","1","1","0","12","13","2"
"J3lrqdlxalAYfScf6OD3","130.190.58.47","2025-04-24T06:42:30.872Z","1","1","interactive","Karplanter","Karplanter","1","27","0","1","1","0","12","13","2"
"JBL1CY42d4nIXGRzZvCq","129.241.236.230","2025-04-30T12:32:38.820Z","3","7","interactive","Middels trafikkmengde","Middels trafikkmengde","1","26","0","9","9","0","13","13","18"
"JNSBtxI7ULBUGQUvRQtc","104.28.31.33","2025-04-24T08:22:26.406Z","1","1","interactive","Karplanter","Karplanter","1","18","0","3","3","2","12","14","8"
"JRsolZ22H54IHy4o5iQC","151.81.139.111","2025-04-24T13:41:57.933Z","2","5","shopping-basket","Svært høy nøyaktighet","Svært høy nøyaktighet","1","38","8","4","7","14","12","17","33"
"JTjfGiSl9lnrqyUf4rmu","82.147.43.156","2025-05-05T10:06:40.954Z","1","3","interactive","Fugl","Fugl","1","66","0","8","8","0","12","13","16"
"JciI5o17Pp53mNSmvgpq","129.241.236.96","2025-04-24T07:52:48.444Z","2","4","interactive","Middels nøyaktighet","Høy nøyaktighet","0","30","0","5","9","0","12","14","14"
"Js3szWbo1WRo48SpGtpl","84.209.87.154","2025-04-25T13:16:17.597Z","1","1","shopping-basket","Karplanter","Karplanter","1","55","4","0","0","6","12","12","10"
"JuLpaJu0MZoJ0avgjCcX","186.79.173.59","2025-04-24T13:02:22.225Z","2","6","interactive","Liten bygning","Liten bygning","1","21","0","8","9","0","12","16","17"
"Juv0wcdw5XKYGMIU5ITA","129.241.236.6","2025-04-30T09:27:25.520Z","2","6","interactive","Liten bygning","Liten bygning","1","23","0","8","13","2","12","15","23"
"KA4nDKarjJC5OGmMcXvq","93.70.14.43","2025-05-08T11:19:14.634Z","2","6","gaze-adaptive","Liten bygning","Liten bygning","1","31","14","12","14","0","12","18","40"
"KBBi4wlOD2VMk6JLKDpK","129.241.236.59","2025-04-24T06:53:49.122Z","1","1","interactive","Karplanter","Karplanter","1","26","0","1","3","1","12","14","5"
"KBwzanVA6Aad7ZrHhQQQ","212.20.204.67","2025-05-05T09:56:17.895Z","1","3","shopping-basket","Fugl","Fugl","1","28","2","3","3","4","12","15","12"
"KHV1qDQyh7XQ2cYRoije","188.113.113.215","2025-04-24T13:38:51.805Z","3","7","gaze-adaptive","Middels trafikkmengde","Middels trafikkmengde","1","30","6","7","9","1","13","15","23"
"KJHTl1dyskpZ547Qr3dz","82.147.43.156","2025-05-05T10:09:08.009Z","2","6","gaze-adaptive","Liten bygning","Liten bygning","1","16","1","1","1","0","12","16","3"
"KKGBYG8iq0zzPZNTqVIM","59.22.77.217","2025-05-04T15:19:51.088Z","3","7","gaze-adaptive","Høy trafikkmengde","Middels trafikkmengde","0","15","4","3","4","1","13","14","12"
"KKaxFsP69ZvgQ3Khgycf","129.241.236.209","2025-04-28T12:09:40.900Z","1","3","shopping-basket","Fugl","Fugl","1","32","8","0","3","8","12","12","19"
"KRZjbeLQw6Sw7fXXLcIO","178.164.115.244","2025-04-28T12:13:25.510Z","2","4","gaze-adaptive","Høy nøyaktighet","Høy nøyaktighet","1","47","17","13","17","0","12","17","47"
"Koq4xqJBtWIMUgrKdWtO","129.241.236.59","2025-04-24T06:58:19.063Z","2","5","shopping-basket","Svært høy nøyaktighet","Svært høy nøyaktighet","1","18","6","2","5","4","12","17","17"
"KuUoNGqvffHfKtRCb86b","129.241.236.24","2025-04-24T12:25:05.333Z","1","2","interactive","0-10 år","0-10 år","1","23","0","6","6","0","12","14","12"
"L9m7g7mvRagmOCUholY6","85.165.226.200","2025-05-05T09:29:22.998Z","2","6","interactive","Liten bygning","Liten bygning","1","25","0","4","4","0","12","15","8"
"LGSQcxfTQxBCmefpyMqp","85.164.166.31","2025-04-24T07:55:50.074Z","2","4","interactive","Høy nøyaktighet","Høy nøyaktighet","1","112","0","25","38","13","12","16","76"
"LW8JB8eyrLqAHgNc9Who","101.9.247.52","2025-04-24T07:34:28.829Z","3","7","shopping-basket","Middels trafikkmengde","Middels trafikkmengde","1","33","1","5","8","1","13","15","15"
"LeIiINHbkYyc3ffFjOCS","87.248.12.202","2025-05-06T11:32:48.013Z","2","5","interactive","Svært høy nøyaktighet","Svært høy nøyaktighet","1","36","0","6","8","1","12","16","15"
"Lew0Bur2ligYXBxQwvRF","129.241.236.182","2025-04-24T07:29:26.424Z","2","5","gaze-adaptive","Svært høy nøyaktighet","Svært høy nøyaktighet","1","27","17","13","17","1","12","14","48"
"LgY9MxpTUQz29vwoZvtZ","109.74.178.138","2025-04-29T09:14:01.552Z","1","3","gaze-adaptive","Fugl","Fugl","1","23","12","8","12","0","12","12","32"
"LiyGJkApHREsHIjdZjHF","129.241.236.230","2025-04-30T12:30:57.121Z","2","4","shopping-basket","Middels nøyaktighet","Høy nøyaktighet","0","99","6","39","41","15","12","15","101"
"Lk8GNQfFuAQeF14crRkb","129.241.236.166","2025-04-30T13:58:17.605Z","1","3","shopping-basket","Fugl","Fugl","1","41","6","15","24","6","12","11","51"
"LlNMqEDAyKubLmgFlCLI","82.147.39.130","2025-05-05T10:52:48.301Z","3","9","gaze-adaptive","Midlertidig tatt i bruk","Mindre tiltak fullført","0","27","5","3","5","0","13","22","13"
"LvdGAyfuA3ETosFwIKkM","129.241.236.209","2025-04-28T12:10:34.766Z","2","4","gaze-adaptive","Høy nøyaktighet","Høy nøyaktighet","1","54","18","15","18","4","12","17","55"
"LywS0wGlvEXtuGQb5Xzw","178.164.115.244","2025-04-28T12:11:29.936Z","1","1","interactive","Karplanter","Karplanter","1","31","0","0","0","0","12","12","0"
"LzeVfe5nvikp29KkApRs","188.113.113.215","2025-04-24T13:35:17.308Z","1","1","shopping-basket","Karplanter","Karplanter","1","64","7","3","3","22","12","14","35"
"M1uhAG5Yf0fdtJ8xsTji","129.241.236.3","2025-04-25T14:33:51.214Z","1","2","gaze-adaptive","0-10 år","0-10 år","1","35","0","0","0","0","12","12","0"
"MFdY3YZqFLMFmLLyK6x0","188.113.113.215","2025-04-24T13:37:18.441Z","2","4","interactive","Svært høy nøyaktighet","Høy nøyaktighet","0","54","0","10","16","6","12","16","32"
"MImhfsg8bcVoJHqh2EmD","129.241.236.3","2025-04-25T14:35:35.474Z","2","5","interactive","Svært lav nøyaktighet","Svært høy nøyaktighet","0","44","0","2","6","5","12","14","13"
"MP5GOgNheOMx0qV9hzno","81.167.240.7","2025-04-24T11:25:34.263Z","1","3","shopping-basket","Fugl","Fugl","1","52","3","2","2","4","12","13","11"
"McqmWhYAUDFNGketgNfI","51.13.116.207","2025-05-05T09:40:15.131Z","2","4","shopping-basket","Høy nøyaktighet","Høy nøyaktighet","1","30","1","0","0","3","12","12","4"
"MgMNOsZvs5g203SJwV2l","188.216.100.236","2025-04-24T08:20:11.756Z","2","6","gaze-adaptive","Liten bygning","Liten bygning","1","23","14","12","14","0","12","17","40"
"MiGKONRqy1R2dogbxWEA","104.28.31.33","2025-04-24T08:23:47.718Z","1","2","interactive","0-10 år","0-10 år","1","81","0","6","9","2","12","15","17"
"Mjune4GgnM7ETAYii7mZ","129.241.236.209","2025-04-28T12:11:29.939Z","2","6","gaze-adaptive","Liten bygning","Liten bygning","1","24","4","3","4","3","12","14","14"
"MqBK5Qjj5tYRNaSbtqdF","129.241.236.175","2025-04-24T07:25:24.206Z","3","9","interactive","Mindre tiltak fullført","Mindre tiltak fullført","1","43","0","8","12","2","13","14","22"
"MqbTgZvxLbPfKXEHQTmO","84.209.87.154","2025-04-25T13:21:43.899Z","3","7","interactive","Middels trafikkmengde","Middels trafikkmengde","1","13","0","2","2","0","13","15","4"
"MrP4kydIzNq8vDgnlrcR","62.16.200.67","2025-04-26T10:02:07.599Z","2","6","shopping-basket","Liten bygning","Liten bygning","1","17","2","3","5","10","12","15","20"
"MzwKiPeG6meecI7lKIgU","51.13.116.207","2025-05-05T09:42:18.623Z","3","8","gaze-adaptive","Mindre tiltak meldt","Mindre tiltak meldt","1","36","6","5","6","1","13","17","18"
"NC6Lx72zYNp2upHnhp2L","129.241.236.24","2025-04-24T12:26:09.068Z","2","4","gaze-adaptive","Høy nøyaktighet","Høy nøyaktighet","1","38","22","18","22","0","12","17","62"
"NDnMo5aGoRALkcrEwbtT","158.38.1.167","2025-05-06T07:14:52.748Z","1","3","interactive","Fugl","Fugl","1","22","0","0","0","0","12","12","0"
"NU6D9ZTH8dGhF7eVwsnA","46.15.44.237","2025-05-06T06:11:05.267Z","1","2","shopping-basket","11-30 år","0-10 år","0","33","2","2","2","2","12","15","8"
"NUYlKitmJTkhSjDjHyY8","129.241.236.59","2025-04-24T06:58:29.475Z","2","6","shopping-basket","Liten bygning","Liten bygning","1","10","1","1","2","1","12","16","5"
"NcZIbuaCkbUsCpiCp73O","129.241.236.42","2025-04-24T14:58:59.112Z","1","2","interactive","11-30 år","0-10 år","0","41","0","10","12","0","12","13","22"
"NcrRjba5hcPCbvJDQx4V","84.202.66.130","2025-04-24T08:55:37.252Z","1","2","shopping-basket","11-30 år","0-10 år","0","27","2","11","11","9","12","14","33"
"NmDCvyZ60Id7VBtcr0J2","178.164.42.170","2025-04-25T07:47:42.567Z","2","6","interactive","Liten bygning","Liten bygning","1","28","0","20","20","0","12","15","40"
"NncAcYB1QGhE69Dba06Q","185.176.244.74","2025-05-10T18:33:50.763Z","3","8","shopping-basket","Mindre tiltak meldt","Mindre tiltak meldt","1","50","7","8","11","9","13","16","35"
"O1o5PvpCzVKTr7EhnYt1","129.241.236.175","2025-04-24T07:18:56.087Z","1","1","gaze-adaptive","Karplanter","Karplanter","1","29","6","6","6","0","12","14","18"
"O7dT7vzXI4n4pfIyBrBr","84.202.66.130","2025-04-24T08:58:55.390Z","3","9","gaze-adaptive","Mindre tiltak fullført","Mindre tiltak fullført","1","36","10","8","10","2","13","17","30"
"OGfXcm4DCMswiCfggZ50","129.241.236.15","2025-04-24T14:47:57.156Z","1","1","shopping-basket","Karplanter","Karplanter","1","35","6","3","4","12","12","14","25"
"OQsZ4qIxodGfhE2gvFFi","151.81.139.111","2025-04-24T13:38:48.590Z","1","3","interactive","Fugl","Fugl","1","19","0","1","2","0","12","12","3"
"OhV0ZZiAw9llqexuUlTa","129.241.236.15","2025-04-24T14:48:37.324Z","1","2","shopping-basket","11-30 år","0-10 år","0","40","6","7","10","22","12","16","45"
"OnD1NALwWzFA8TcYbiWj","188.113.113.215","2025-04-24T13:37:33.065Z","2","5","interactive","Svært høy nøyaktighet","Svært høy nøyaktighet","1","14","0","3","5","0","12","16","8"
"OrXMHer6AytNs2RNwRAH","82.194.204.213","2025-04-27T19:00:57.226Z","3","9","interactive","Mindre tiltak fullført","Mindre tiltak fullført","1","171","0","78","99","0","13","22","177"
"PBCBVQmuVSOvg0f3ADPw","195.69.0.8","2025-04-24T16:29:02.505Z","1","3","gaze-adaptive","Fugl","Fugl","1","30","4","3","4","0","12","13","11"
"PCUMhKj1F6KqIQXUNTeU","129.241.236.3","2025-04-25T14:34:51.368Z","2","4","interactive","Høy nøyaktighet","Høy nøyaktighet","1","36","0","0","0","0","12","12","0"
"PEfeGttg7aUrQeOzBl6u","78.156.8.234","2025-04-30T16:25:58.292Z","2","5","gaze-adaptive","Middels nøyaktighet","Svært høy nøyaktighet","0","21","3","2","3","0","12","12","8"
"PJtHe0fjNGae6qeV7s4v","85.165.226.200","2025-05-05T09:30:50.943Z","3","9","gaze-adaptive","Mindre tiltak fullført","Mindre tiltak fullført","1","31","7","7","7","0","13","19","21"
"PLOHAODXyAxUgQXKV03a","77.88.123.6","2025-05-05T12:05:32.255Z","3","7","gaze-adaptive","Middels trafikkmengde","Middels trafikkmengde","1","16","0","0","0","1","13","13","1"
"PLuhyeVnSkoeF6uS7D87","185.71.211.104","2025-04-25T21:32:31.575Z","2","4","interactive","Høy nøyaktighet","Høy nøyaktighet","1","69","0","25","33","8","12","15","66"
"PMBXgZ5RG2GjCMYDL6dh","94.255.240.119","2025-04-25T13:02:39.091Z","3","8","interactive","Mindre tiltak meldt","Mindre tiltak meldt","1","60","0","16","24","3","13","17","43"
"PpVMB306qJomugwXkICa","129.241.236.96","2025-04-24T07:55:24.674Z","3","9","shopping-basket","Under bygging","Mindre tiltak fullført","0","21","4","1","3","4","13","15","12"
"Pqkdgn1eS0sLr7SAKcKC","129.241.236.15","2025-04-24T14:50:07.424Z","2","5","gaze-adaptive","Svært høy nøyaktighet","Svært høy nøyaktighet","1","15","7","6","7","1","12","16","21"
"Q4fBPC5vOnFbgRj21gCr","46.15.44.237","2025-05-06T06:11:41.674Z","1","3","shopping-basket","Fugl","Fugl","1","36","3","1","1","3","12","13","8"
"Q4umyOQswXiZ7Rrtg8xk","51.13.116.207","2025-05-05T09:39:03.285Z","1","1","interactive","Karplanter","Karplanter","1","25","0","0","0","0","12","12","0"
"QGtf29dJY4FM5jSCCCEA","129.241.236.59","2025-04-24T14:12:08.522Z","2","4","shopping-basket","Middels nøyaktighet","Høy nøyaktighet","0","46","1","21","27","1","12","14","50"
"QRQDDlvNwln5iBYWQwF4","129.241.236.26","2025-04-24T08:27:45.494Z","2","6","shopping-basket","Liten bygning","Liten bygning","1","17","4","2","3","4","12","13","13"
"QZNyQp1jQ8lRDbeifCct","46.15.44.237","2025-05-06T06:10:32.005Z","1","1","shopping-basket","Karplanter","Karplanter","1","47","5","4","4","5","12","14","18"
"QdBbI1e7qL4CQmhFSbsV","77.88.123.6","2025-05-05T12:01:54.327Z","1","3","interactive","Fugl","Fugl","1","20","0","0","0","0","12","12","0"
"Qir6YOo0BQ9OCZNSeHhk","188.216.100.236","2025-04-24T08:21:49.256Z","3","9","interactive","Mindre tiltak fullført","Mindre tiltak fullført","1","35","0","15","17","0","13","18","32"
"QoEIr9xvbUCdMJ0JIHKb","186.79.173.59","2025-04-24T13:04:11.468Z","3","9","shopping-basket","Mindre tiltak fullført","Mindre tiltak fullført","1","22","4","3","4","3","13","15","14"
"QomYetWqXLnFZwt3ls52","51.175.176.9","2025-04-24T06:48:30.322Z","1","2","shopping-basket","0-10 år","0-10 år","1","24","4","1","2","6","12","14","13"
"Qz4udTrQHSNkQZxSgpdP","129.241.236.6","2025-04-30T09:25:39.456Z","1","2","shopping-basket","0-10 år","0-10 år","1","29","3","4","4","9","12","15","20"
"R0p8nsIkNW3SWqOGSrmR","146.2.243.175","2025-05-06T08:55:42.245Z","3","7","shopping-basket","Middels trafikkmengde","Middels trafikkmengde","1","18","1","3","3","1","13","15","8"
"RDoD2P2F5oJOPDvJ5MQ9","129.241.236.42","2025-04-24T14:58:17.760Z","1","1","interactive","Karplanter","Karplanter","1","46","0","5","5","1","12","14","11"
"Rd09fMgKx3JKB3sH6ls7","129.241.236.230","2025-04-30T12:33:34.205Z","3","9","interactive","Mindre tiltak fullført","Mindre tiltak fullført","1","36","0","7","9","0","13","16","16"
"Rvzl9O6808HayHGcbrFK","84.208.184.34","2025-04-24T15:15:37.933Z","3","9","shopping-basket","Mindre tiltak fullført","Mindre tiltak fullført","1","46","6","1","1","8","13","14","16"
"SAOAusg7wuSMBsbECUto","81.0.157.136","2025-05-05T09:52:04.899Z","2","5","shopping-basket","Svært høy nøyaktighet","Svært høy nøyaktighet","1","57","3","10","13","14","12","20","40"
"SDAvCPwJaMPxiwg77fp4","178.164.115.244","2025-04-28T12:14:41.632Z","3","7","shopping-basket","Middels trafikkmengde","Middels trafikkmengde","1","24","1","6","6","4","13","15","17"
"SFcAO8otCCXUtrGc84SK","129.241.236.209","2025-04-28T12:12:44.444Z","3","9","interactive","Mindre tiltak fullført","Mindre tiltak fullført","1","18","0","6","7","0","13","16","13"
"SG1nsXgQJTzzCR3sdRGK","94.255.240.119","2025-04-25T13:01:18.380Z","2","6","shopping-basket","Liten bygning","Liten bygning","1","20","2","8","10","3","12","17","23"
"STlWKBoe9A03xcLLV93M","185.71.211.104","2025-04-25T21:31:22.276Z","1","3","shopping-basket","Fugl","Fugl","1","16","5","4","5","7","12","13","21"
"ScPQiOI7o0VF1RPfOmFl","129.241.236.59","2025-04-24T14:11:22.328Z","1","3","gaze-adaptive","Fugl","Fugl","1","24","4","3","4","0","12","12","11"
"SuDa2bMimcN3fS6NV86V","51.175.176.9","2025-04-24T06:51:48.490Z","2","6","interactive","Liten bygning","Liten bygning","1","15","0","1","1","0","12","16","2"
"T0SsGObopLyQfRm8gkP7","129.241.236.59","2025-04-24T06:59:28.226Z","3","8","gaze-adaptive","Mindre tiltak meldt","Mindre tiltak meldt","1","43","24","13","24","1","13","16","62"
"T3rfAnr4s6cdVLL3sYb5","51.175.176.9","2025-04-24T06:48:05.887Z","1","1","shopping-basket","Karplanter","Karplanter","1","46","7","2","3","9","12","14","21"
"TB7I2IRqPZZV7aU5J3AW","82.147.39.130","2025-05-05T10:52:21.412Z","3","8","gaze-adaptive","Mindre tiltak meldt","Mindre tiltak meldt","1","23","6","5","6","0","13","20","17"
"TCl7B36PNxHpyUCNkos1","129.241.236.51","2025-04-25T11:59:55.476Z","1","2","interactive","0-10 år","0-10 år","1","27","0","9","12","0","12","14","21"
"TOMata6EouKqEZWsa6cQ","185.39.203.222","2025-05-05T13:39:52.800Z","3","8","interactive","Søknad godkjent","Mindre tiltak meldt","0","61","0","6","6","7","13","16","19"
"TRPvpzmQhCAqr3n5g3Je","212.20.204.67","2025-05-05T10:02:25.933Z","3","9","interactive","Mindre tiltak fullført","Mindre tiltak fullført","1","56","0","7","7","0","13","16","14"
"Tde0X0yBCl0B6p0WSZek","186.79.173.59","2025-04-24T13:03:49.553Z","3","8","shopping-basket","Mindre tiltak meldt","Mindre tiltak meldt","1","64","10","5","8","7","13","15","30"
"Tfr8Dh9JJ82vQ4mk6P03","129.241.236.188","2025-04-25T14:12:03.752Z","1","1","interactive","Karplanter","Karplanter","1","46","0","2","2","2","12","13","6"
"TgzpZfCcCV31V0tMfSOE","129.241.236.230","2025-04-30T12:32:12.724Z","2","6","shopping-basket","Veldig liten bygning","Liten bygning","0","30","3","1","2","3","12","13","9"
"Th5lBgeEv4sAX6a8TQ2H","62.16.200.67","2025-04-26T10:01:09.639Z","2","4","shopping-basket","Middels nøyaktighet","Høy nøyaktighet","0","81","6","3","7","16","12","15","32"
"TohVt6Vd572X6tGR4MfQ","129.241.236.6","2025-04-30T09:27:02.572Z","2","5","interactive","Svært høy nøyaktighet","Svært høy nøyaktighet","1","25","0","9","11","0","12","16","20"
"TojbnmrQKhRKGHNDa5VG","195.69.0.8","2025-04-24T16:32:33.250Z","3","8","shopping-basket","Mindre tiltak meldt","Mindre tiltak meldt","1","45","8","3","6","8","13","15","25"
"TtjxKjlEHXwOGd2rBdX3","51.175.176.9","2025-04-24T06:51:11.019Z","2","4","interactive","Høy nøyaktighet","Høy nøyaktighet","1","127","0","29","60","3","12","16","92"
"TvJKCJ9lc85QprmXJL3E","81.0.157.136","2025-05-05T09:53:59.432Z","3","7","interactive","Middels trafikkmengde","Middels trafikkmengde","1","43","0","9","9","9","13","15","27"
"TvzXaImwBoqJStuTcCGN","130.190.58.47","2025-04-24T06:44:40.737Z","2","5","gaze-adaptive","Svært lav nøyaktighet","Svært høy nøyaktighet","0","44","10","2","10","0","12","13","22"
"TwCa0nabavw8TXxwKK71","94.255.240.119","2025-04-25T12:57:49.728Z","1","1","gaze-adaptive","Karplanter","Karplanter","1","47","4","4","4","0","12","14","12"
"TwLhMdZHaI3UkpzSvfSc","129.241.236.175","2025-04-24T07:21:49.231Z","2","4","shopping-basket","Svært høy nøyaktighet","Høy nøyaktighet","0","98","3","49","65","4","12","15","121"
"U0OrSwhxcT4yYdiq2f6L","159.171.152.2","2025-05-06T12:04:08.800Z","1","3","interactive","Fugl","Fugl","1","25","0","3","3","0","12","13","6"
"U24AvX3UcJ6V8Ua4IhZn","82.147.43.156","2025-05-05T10:08:03.771Z","2","4","gaze-adaptive","Høy nøyaktighet","Høy nøyaktighet","1","82","23","17","23","0","12","18","63"
"U57rPh1kZF3aednl3C0F","84.208.184.34","2025-04-24T15:11:18.702Z","1","3","interactive","Fugl","Fugl","1","85","0","0","3","0","12","12","3"
"UPyUzHztH1lveObHohTa","85.19.221.50","2025-05-05T09:14:00.175Z","1","2","gaze-adaptive","0-10 år","0-10 år","1","22","0","0","0","0","12","12","0"
"UZM5tUo14YWWACQdNcuC","129.241.236.188","2025-04-25T14:13:03.081Z","1","3","interactive","Fugl","Fugl","1","30","0","6","6","0","12","10","12"
"Uruj7MWBA1ErwoCW6tiP","81.0.157.136","2025-05-05T09:56:05.882Z","3","9","interactive","Mindre tiltak fullført","Mindre tiltak fullført","1","66","0","6","11","1","13","19","18"
"VDvL560L1vsQoNlir2h9","129.241.236.174","2025-04-24T06:48:22.469Z","2","5","interactive","Svært høy nøyaktighet","Svært høy nøyaktighet","1","37","0","5","6","0","12","15","11"
"VV3LZ8IeHY41dpFbaJIK","195.69.0.8","2025-04-24T16:31:48.519Z","3","7","shopping-basket","Middels trafikkmengde","Middels trafikkmengde","1","19","1","1","2","1","13","14","5"
"VYdVyrt4X9HFv7SwnUkg","151.81.139.111","2025-04-24T13:38:29.474Z","1","2","interactive","0-10 år","0-10 år","1","42","0","5","11","0","12","14","16"
"VahcQwM2cnhZM5NAiTXU","158.38.1.167","2025-05-06T07:14:30.639Z","1","2","interactive","0-10 år","0-10 år","1","32","0","4","4","0","12","13","8"
"Vc7OWGaduwZePuH8vyrn","129.241.236.6","2025-04-30T09:27:46.466Z","3","7","gaze-adaptive","Middels trafikkmengde","Middels trafikkmengde","1","21","14","12","14","1","13","14","41"
"VyVRFGtOHerSBT3PLlbp","146.2.243.175","2025-05-06T08:56:53.604Z","3","9","shopping-basket","Midlertidig tatt i bruk","Mindre tiltak fullført","0","32","7","9","9","7","13","17","32"
"WC9LAoVTKz2SxiMXfBsM","176.221.89.67","2025-05-05T10:19:19.597Z","1","2","gaze-adaptive","11-30 år","0-10 år","0","29","3","3","3","0","12","13","9"
"WVGuK9NiF9vNYm7AcaCn","129.241.236.174","2025-04-24T06:45:39.195Z","1","1","gaze-adaptive","Karplanter","Karplanter","1","49","2","2","2","0","12","13","6"
"Wdx2PlkOkcnFhJD3jzdx","129.241.236.51","2025-04-25T12:01:02.537Z","2","4","shopping-basket","Svært høy nøyaktighet","Høy nøyaktighet","0","47","1","24","28","2","12","17","55"
"WtvVVTsphpAeyyaPhLcf","82.194.204.213","2025-04-27T18:55:28.533Z","2","5","shopping-basket","Svært høy nøyaktighet","Svært høy nøyaktighet","1","29","4","12","14","8","12","17","38"
"X3RHtSlM0JgBrN07pG7t","129.241.236.24","2025-04-24T12:27:13.302Z","2","6","gaze-adaptive","Liten bygning","Liten bygning","1","21","4","3","4","0","12","16","11"
"XELSb3XnGEVdTEsWQyLz","51.175.176.9","2025-04-24T06:52:49.781Z","3","9","gaze-adaptive","Mindre tiltak fullført","Mindre tiltak fullført","1","22","6","5","6","0","13","22","17"
"XgPcG4lH8GXCtbLx58hB","129.241.236.188","2025-04-25T14:14:15.005Z","2","4","gaze-adaptive","Middels nøyaktighet","Høy nøyaktighet","0","72","12","4","12","1","12","14","29"
"Xysoac7txuMbMthPjCqC","62.16.200.67","2025-04-26T10:03:46.732Z","3","9","gaze-adaptive","Mindre tiltak fullført","Mindre tiltak fullført","1","22","10","6","10","13","13","19","39"
"YBNgeX1hL2K2v1E3bgu1","178.164.115.244","2025-04-28T12:12:38.300Z","1","3","interactive","Fugl","Fugl","1","18","0","4","5","0","12","12","9"
"YHtCu7qY7F1FwwiFMyRx","51.13.116.207","2025-05-05T09:39:45.106Z","1","3","interactive","Fugl","Fugl","1","15","0","0","0","0","12","12","0"
"YRGwYFARjNoKAWCAEjQr","46.15.44.237","2025-05-06T06:15:50.059Z","3","8","interactive","Mindre tiltak meldt","Mindre tiltak meldt","1","55","0","12","15","5","13","16","32"
"YRKak6UzddLU6dEsJYiM","129.241.236.166","2025-04-30T14:01:41.655Z","3","9","interactive","Mindre tiltak fullført","Mindre tiltak fullført","1","24","0","6","8","2","13","17","16"
"YYpUBoebHetkfzFnrCme","146.2.243.175","2025-05-06T08:54:44.030Z","2","4","interactive","Høy nøyaktighet","Høy nøyaktighet","1","65","0","18","28","0","12","17","46"
"Ybz3ONaWZMvPxjSXz4ai","81.167.240.7","2025-04-24T11:32:32.342Z","3","7","interactive","Middels trafikkmengde","Middels trafikkmengde","1","39","0","9","10","0","13","14","19"
"YiA0k5KyhMH89hoQdoyl","130.190.58.47","2025-04-24T06:43:08.504Z","1","3","interactive","Fugl","Fugl","1","18","0","0","1","0","12","12","1"
"YiUYygJqZVNzwDKY45bd","185.176.244.74","2025-05-10T18:33:01.074Z","3","7","shopping-basket","Middels trafikkmengde","Middels trafikkmengde","1","19","2","9","9","3","13","15","23"
"Yntpr11eVUxsudBA3DZW","129.241.236.15","2025-04-30T10:47:11.981Z","2","4","shopping-basket","Høy nøyaktighet","Høy nøyaktighet","1","48","3","0","0","6","12","12","9"
"YprFFa2O4QUeuCw732OO","94.255.240.119","2025-04-25T13:03:14.665Z","3","9","interactive","Mindre tiltak fullført","Mindre tiltak fullført","1","35","0","10","14","0","13","15","24"
"YxXFvJUA1tQPfXwNgYB9","81.0.157.136","2025-05-05T09:49:05.527Z","1","3","gaze-adaptive","Fugl","Fugl","1","65","22","7","13","0","12","15","42"
"Z1TL8V0eUUicF7UTAhvu","188.113.113.215","2025-04-24T13:39:25.602Z","3","8","gaze-adaptive","Mindre tiltak meldt","Mindre tiltak meldt","1","34","6","5","6","1","13","14","18"
"Z42DyBmh4Z3nuv8w3Taj","82.194.204.213","2025-04-27T18:56:00.744Z","2","6","shopping-basket","Liten bygning","Liten bygning","1","32","5","8","10","8","12","16","31"
"Z5xcbuADAIi0hvvilqxg","129.241.236.188","2025-04-25T14:12:32.554Z","1","2","interactive","11-30 år","0-10 år","0","29","0","3","3","0","12","13","6"
"Z9sd2NJ0EdLUEB1tmimc","188.216.100.236","2025-04-24T08:21:14.229Z","3","8","interactive","Mindre tiltak meldt","Mindre tiltak meldt","1","27","0","13","14","1","13","18","28"
"ZNB64x1KWF1j56tj0HjO","81.0.157.136","2025-05-05T09:53:16.528Z","2","6","shopping-basket","Veldig liten bygning","Liten bygning","0","71","8","9","11","4","12","16","32"
"ZP1Ywn0CROMVQTBkzH2u","185.71.211.104","2025-04-25T21:32:49.532Z","2","5","interactive","Svært høy nøyaktighet","Svært høy nøyaktighet","1","18","0","5","9","1","12","16","15"
"ZQfroFIKtTAzYJfq2uXt","85.165.226.200","2025-05-05T09:28:29.213Z","2","4","interactive","Høy nøyaktighet","Høy nøyaktighet","1","61","0","16","17","13","12","15","46"
"ZR4ZmP6EtrCMEwqcxNBr","85.165.226.200","2025-05-05T09:25:32.960Z","1","1","shopping-basket","Karplanter","Karplanter","1","132","11","15","15","31","12","15","72"
"ZYQI2jhAfV5EaQpLm437","176.221.89.67","2025-05-05T10:21:07.841Z","2","6","interactive","Liten bygning","Liten bygning","1","15","0","3","3","0","12","13","6"
"ZYenUirRRYS74YKLazk5","129.241.236.191","2025-05-02T08:59:26.446Z","1","2","gaze-adaptive","0-10 år","0-10 år","1","36","6","3","6","0","12","13","15"
"ZnKrICqpOmf5NHjlNuNL","81.167.240.7","2025-04-24T11:24:41.970Z","1","2","shopping-basket","11-30 år","0-10 år","0","38","4","3","3","4","12","15","14"
"Zukx87e4SbQibAZOOjjA","146.2.243.175","2025-05-06T08:55:24.180Z","2","6","interactive","Liten bygning","Liten bygning","1","14","0","2","2","0","12","16","4"
"a7ZONPNt7BJg6X2MSOSr","129.241.236.26","2025-04-24T08:25:41.421Z","1","2","interactive","0-10 år","0-10 år","1","31","0","2","3","0","12","13","5"
"aBkWwvNBe6UemEaaG7HM","77.88.123.6","2025-05-05T12:00:59.138Z","1","1","interactive","Karplanter","Karplanter","1","54","0","0","0","0","12","12","0"
"aCxqNBYyUTZODpBwbTmj","129.241.236.182","2025-04-24T07:27:50.722Z","1","3","shopping-basket","Fugl","Fugl","1","26","2","2","3","5","12","12","12"
"aQ9vjH2i8ApoeIn94Ixe","59.22.77.217","2025-05-04T15:21:16.889Z","3","9","gaze-adaptive","Midlertidig tatt i bruk","Mindre tiltak fullført","0","47","12","9","12","1","13","20","34"
"aSRzbKqA8c8e7VWbYS9E","46.15.44.237","2025-05-06T06:14:54.390Z","3","7","interactive","Middels trafikkmengde","Middels trafikkmengde","1","52","0","23","25","3","13","15","51"
"aVJrehIkVKteSwwx5whg","129.241.236.24","2025-04-24T12:29:21.919Z","3","8","shopping-basket","Mindre tiltak meldt","Mindre tiltak meldt","1","102","10","11","14","44","13","15","79"
"aZ4hwfLYOJeuOFxwu99s","51.175.176.9","2025-04-24T06:51:33.731Z","2","5","interactive","Svært høy nøyaktighet","Svært høy nøyaktighet","1","23","0","4","5","0","12","17","9"
"aZPEqxPm27AmTunjtjfB","87.248.12.202","2025-05-06T11:31:20.243Z","1","3","shopping-basket","Fugl","Fugl","1","48","4","5","6","10","12","13","25"
"aZRmqMvdsJdspdnap3lr","129.241.236.175","2025-04-24T07:20:10.698Z","1","3","gaze-adaptive","Fugl","Fugl","1","55","31","27","31","0","12","13","89"
"adXm2gzDJczGFtJ2A41a","129.241.236.191","2025-05-02T09:01:06.294Z","2","5","interactive","Svært høy nøyaktighet","Svært høy nøyaktighet","1","24","0","2","6","0","12","14","8"
"avF324gWTRFg3Vo8EkiM","129.241.236.59","2025-04-24T14:12:54.014Z","3","7","interactive","Middels trafikkmengde","Middels trafikkmengde","1","10","0","0","0","0","13","13","0"
"bM7pQF4SfS27mceG5ZI7","129.241.236.85","2025-04-24T09:53:41.683Z","3","7","interactive","Middels trafikkmengde","Middels trafikkmengde","1","20","0","3","3","2","13","14","8"
"bObnNbcE2ZOab3NHaUCX","82.147.39.130","2025-05-05T10:51:58.150Z","3","7","gaze-adaptive","Middels trafikkmengde","Middels trafikkmengde","1","25","19","10","19","5","13","16","53"
"bkEsELvwsLyfVBMWxNnJ","158.38.1.167","2025-05-06T07:16:13.674Z","2","6","gaze-adaptive","Liten bygning","Liten bygning","1","12","1","1","1","0","12","14","3"
"bmitLjqsjvtriT8i0gNn","129.241.236.59","2025-04-24T06:58:45.471Z","3","7","gaze-adaptive","Middels trafikkmengde","Middels trafikkmengde","1","16","3","2","3","1","13","15","9"
"bn60pYAdrKnZsYRHDGZn","185.39.203.222","2025-05-05T13:36:40.575Z","1","3","gaze-adaptive","Fugl","Fugl","1","32","6","3","6","0","12","12","15"
"botOTYil87I2cr2P2jm5","85.19.221.50","2025-05-05T09:17:49.989Z","3","9","shopping-basket","Mindre tiltak fullført","Mindre tiltak fullført","1","31","5","4","4","5","13","15","18"
"brQp4xXD0qh11rZenF0E","84.202.66.130","2025-04-24T08:57:36.649Z","2","6","interactive","Liten bygning","Liten bygning","1","15","0","6","8","0","12","14","14"
"byB16BTYvZQBPDBmO4bY","212.20.204.67","2025-05-05T09:59:41.429Z","2","6","gaze-adaptive","Veldig liten bygning","Liten bygning","0","24","7","6","7","0","12","17","20"
"cA4IuvNACAFJHc1UROKZ","129.241.236.96","2025-04-24T07:53:53.042Z","3","7","shopping-basket","Middels trafikkmengde","Middels trafikkmengde","1","18","2","2","5","3","13","14","12"
"cAPSTXwBCth22SVCFFfE","104.28.31.33","2025-04-24T08:29:16.195Z","1","3","interactive","Fugl","Fugl","1","328","0","4","6","0","12","13","10"
"cFv7vsSzyOH99SgQGJnV","176.221.89.67","2025-05-05T10:20:52.691Z","2","5","interactive","Høy nøyaktighet","Svært høy nøyaktighet","0","22","0","2","2","0","12","13","4"
"cL92Jyt87UDJjUY95tX5","59.22.77.217","2025-05-04T15:19:34.806Z","2","6","shopping-basket","Liten bygning","Liten bygning","1","15","2","2","3","2","12","14","9"
"cM7vOgNHWFzcibM4ZH82","78.156.8.234","2025-04-30T16:25:26.697Z","1","3","interactive","Karplanter","Fugl","0","21","0","6","8","0","12","11","14"
"cWaGYdOILUQ6X90hKMRU","78.156.8.234","2025-04-30T16:26:19.129Z","3","8","shopping-basket","Mindre tiltak fullført","Mindre tiltak meldt","0","7","0","0","0","0","13","13","0"
"cwhHayGSDfz2ptAauiJ4","62.16.200.67","2025-04-26T09:59:48.464Z","1","3","interactive","Fugl","Fugl","1","43","0","5","10","10","12","17","25"
"cxoreKGUWwdjm4a53Lpr","129.241.236.85","2025-04-24T09:51:11.850Z","1","2","gaze-adaptive","0-10 år","0-10 år","1","36","0","0","0","0","12","12","0"
"d3KMxP7v29dgw1FEFMub","84.208.184.34","2025-04-24T15:12:23.346Z","2","4","gaze-adaptive","Høy nøyaktighet","Høy nøyaktighet","1","64","3","2","3","0","12","14","8"
"d4Kl184CMgkd1aU6ZU9d","185.39.203.222","2025-05-05T13:37:27.477Z","2","4","shopping-basket","Middels nøyaktighet","Høy nøyaktighet","0","47","0","13","13","0","12","18","26"
"dHtWfTWGhicwgr133RAl","85.19.221.50","2025-05-05T09:13:38.400Z","1","1","gaze-adaptive","Karplanter","Karplanter","1","28","0","0","0","0","12","12","0"
"dhxsxm6psTSmlEj2xHqt","78.156.8.234","2025-04-30T16:25:05.445Z","1","2","interactive","31-50 år","0-10 år","0","21","0","1","2","0","12","12","3"
"dmDy9f96KakhaJqvQm7c","129.241.236.182","2025-04-24T07:29:42.995Z","2","6","gaze-adaptive","Liten bygning","Liten bygning","1","16","3","3","3","0","12","14","9"
"e7sJpRtCXd4OyL85LSOR","129.241.236.230","2025-04-30T12:29:01.192Z","1","2","gaze-adaptive","0-10 år","0-10 år","1","26","9","7","9","0","12","14","25"
"e858NabKYo9bHErlgvbD","87.248.12.202","2025-05-06T11:34:01.888Z","3","8","gaze-adaptive","Mindre tiltak meldt","Mindre tiltak meldt","1","34","8","7","8","0","13","18","23"
"e8csfXssMlAK1gfI7rOa","146.2.243.175","2025-05-06T08:53:23.481Z","1","2","gaze-adaptive","0-10 år","0-10 år","1","21","7","7","7","0","12","16","21"
"eIQwwSD2daKKMkLLMdny","129.241.236.3","2025-04-25T14:40:48.904Z","3","9","shopping-basket","Mindre tiltak meldt","Mindre tiltak fullført","0","164","7","7","9","11","13","16","34"
"eNEhZKUmUS8HgmpCgy0V","78.156.8.234","2025-04-30T16:24:43.929Z","1","1","interactive","Alger","Karplanter","0","25","0","7","9","0","12","11","16"
"eaBzPjwOFnyBclaSJV9B","185.176.244.74","2025-05-10T18:34:16.800Z","3","9","shopping-basket","Mindre tiltak fullført","Mindre tiltak fullført","1","26","2","10","10","4","13","15","26"
"eiGh6Oh5LEJAYc5lsDXb","82.147.61.76","2025-05-09T06:46:32.596Z","2","4","shopping-basket","Høy nøyaktighet","Høy nøyaktighet","1","131","10","16","18","12","12","15","56"
"eq6oTv8ceDalNbwbsMbE","129.241.236.15","2025-04-24T14:51:10.643Z","3","7","interactive","Middels trafikkmengde","Middels trafikkmengde","1","42","0","34","36","17","13","20","87"
"f2MzXVrAH4l4ZCun9PI8","212.20.204.67","2025-05-05T09:54:34.168Z","1","1","shopping-basket","Karplanter","Karplanter","1","90","5","5","5","14","12","15","29"
"f2QPHuFzNIM74N2MabgV","129.241.236.37","2025-04-30T13:59:59.974Z","1","3","shopping-basket","Fugl","Fugl","1","60","6","0","0","13","12","12","19"
"fNAIZYwX0BKT7SLJpEf7","87.248.12.202","2025-05-06T11:30:31.631Z","1","2","shopping-basket","11-30 år","0-10 år","0","48","3","5","6","9","12","15","23"
"fPJkArM7koNE8fzWC1xQ","101.9.247.52","2025-04-24T07:33:11.063Z","2","4","gaze-adaptive","Høy nøyaktighet","Høy nøyaktighet","1","44","8","5","8","0","12","15","21"
"fTBBiXfMNo5x8qb6JH4V","129.241.236.6","2025-04-30T09:30:58.573Z","3","8","gaze-adaptive","Mindre tiltak meldt","Mindre tiltak meldt","1","191","11","10","11","2","13","15","34"
"famT16LR8dNuxph5kdDJ","84.16.219.44","2025-05-06T16:58:58.657Z","1","2","gaze-adaptive","11-30 år","0-10 år","0","17","3","3","3","0","12","13","9"
"fiNSWLZz5j3L4FWTF1zB","81.0.157.136","2025-05-05T09:54:59.835Z","3","8","interactive","Mindre tiltak meldt","Mindre tiltak meldt","1","60","0","9","11","2","13","16","22"
"ftJBmgSZ2LJvYsJi28bM","87.248.12.202","2025-05-06T11:33:27.355Z","3","7","gaze-adaptive","Middels trafikkmengde","Middels trafikkmengde","1","20","7","7","7","0","13","16","21"
"ftMLvizR6r6WHgI2dzpv","84.208.184.34","2025-04-24T15:08:41.646Z","1","1","interactive","Karplanter","Karplanter","1","71","0","1","1","0","12","13","2"
"fv6uS8ioRXXvnS4ewu2o","109.74.178.138","2025-04-29T09:17:43.554Z","3","8","shopping-basket","Mindre tiltak meldt","Mindre tiltak meldt","1","66","5","5","10","6","13","16","26"
"g4ukhOj1nWYVynptDn4k","129.241.236.209","2025-04-28T12:08:45.882Z","1","1","shopping-basket","Karplanter","Karplanter","1","42","7","1","1","10","12","13","19"
"gA0l4LRVGQbyCRcBJs1W","129.241.236.96","2025-04-24T07:52:18.008Z","1","3","gaze-adaptive","Fugl","Fugl","1","20","5","3","5","0","12","12","13"
"gFwJCPIeQSy2mleYdUDH","84.208.184.34","2025-04-24T15:13:59.583Z","3","7","shopping-basket","Middels trafikkmengde","Middels trafikkmengde","1","35","2","1","2","3","13","14","8"
"gPfza1xrSaIN0XFUkHgp","129.241.236.182","2025-04-24T07:28:58.873Z","2","4","gaze-adaptive","Høy nøyaktighet","Høy nøyaktighet","1","67","22","18","22","16","12","16","78"
"gQq1D9koVGoO2PZefpd9","84.16.219.44","2025-05-06T17:01:21.505Z","3","7","interactive","Middels trafikkmengde","Middels trafikkmengde","1","27","0","10","10","0","13","15","20"
"gRwqmpUsyhHBDy5w2yAb","101.9.247.52","2025-04-24T07:33:55.746Z","2","6","gaze-adaptive","Liten bygning","Liten bygning","1","15","2","2","2","0","12","15","6"
"gX6KG4idCtsfvnCZbHQX","129.241.236.15","2025-04-24T14:49:01.662Z","1","3","shopping-basket","Fugl","Fugl","1","24","3","9","9","5","12","13","26"
"gYphs8hc9jFWvg1s532a","82.147.43.156","2025-05-05T10:10:09.115Z","3","7","shopping-basket","Middels trafikkmengde","Middels trafikkmengde","1","61","3","6","6","17","13","19","32"
"gefDR0MtW50ASi9PxYo4","188.216.100.236","2025-04-24T08:19:07.903Z","2","4","gaze-adaptive","Høy nøyaktighet","Høy nøyaktighet","1","34","11","10","11","4","12","16","36"
"gihToSq0ZZQo132v65Z6","84.209.87.154","2025-04-25T13:23:46.255Z","3","9","interactive","Midlertidig tatt i bruk","Mindre tiltak fullført","0","82","0","14","29","3","13","14","46"
"h115XqhHLMR82rsnucyk","185.39.203.222","2025-05-05T13:38:35.749Z","2","6","shopping-basket","Liten bygning","Liten bygning","1","42","1","16","20","1","12","15","38"
"h4jAGsVv2ujy2V1926D2","195.69.0.8","2025-04-24T16:28:32.079Z","1","2","gaze-adaptive","0-10 år","0-10 år","1","47","18","16","18","1","12","14","53"
"h4v6CUQqOAfy4VHie3K1","84.209.87.154","2025-04-25T13:22:23.667Z","3","8","interactive","Mindre tiltak meldt","Mindre tiltak meldt","1","40","0","1","2","3","13","15","6"
"hJiBLEHMcp3X69uY1Wiv","87.248.12.202","2025-05-06T11:29:43.973Z","1","1","shopping-basket","Karplanter","Karplanter","1","111","7","2","2","10","12","14","21"
"hV1LkRPXKsDbEICh7BQ5","178.164.42.170","2025-04-25T07:45:18.173Z","1","2","shopping-basket","0-10 år","0-10 år","1","34","5","7","7","8","12","14","27"
"hWXJvzDKXyyW4Lr8IvH9","51.175.176.9","2025-04-24T06:52:27.227Z","3","8","gaze-adaptive","Mindre tiltak meldt","Mindre tiltak meldt","1","22","10","10","10","0","13","18","30"
"hYRo83xAjhMf4QBgNwCh","129.241.236.191","2025-05-02T08:58:49.864Z","1","1","gaze-adaptive","Karplanter","Karplanter","1","49","3","2","3","1","12","14","9"
"ha5iSPOzA3tYs8Vknpr2","188.113.113.215","2025-04-24T13:39:52.015Z","3","9","gaze-adaptive","Mindre tiltak fullført","Mindre tiltak fullført","1","26","3","3","3","0","13","17","9"
"haHQt0dD7o7mGz34RDLR","82.147.61.76","2025-05-09T07:16:11.006Z","2","6","shopping-basket","Liten bygning","Liten bygning","1","1742","6","22","25","7","12","16","60"
"hzaiCjX96EWIrFqJsvLn","146.2.243.175","2025-05-06T08:53:38.516Z","1","3","gaze-adaptive","Fugl","Fugl","1","15","5","4","5","0","12","15","14"
"hzg5RPIHxWEtOiRjCQjJ","82.194.204.213","2025-04-27T18:52:52.284Z","1","1","gaze-adaptive","Karplanter","Karplanter","1","43","16","13","16","0","12","17","45"
"hzqb0KhqTgLtXwJq23Jr","188.113.113.215","2025-04-24T13:35:43.065Z","1","2","shopping-basket","0-10 år","0-10 år","1","26","3","4","5","4","12","15","16"
"i8aJW40W2b9MA028NY44","188.113.113.215","2025-04-24T13:38:21.697Z","2","6","interactive","Veldig liten bygning","Liten bygning","0","48","0","18","22","9","12","16","49"
"iAGieQlSdHNOPhMnzWvH","51.175.176.9","2025-04-24T06:49:03.028Z","1","3","shopping-basket","Fugl","Fugl","1","33","2","11","13","3","12","14","29"
"iHONLwdEXmOuSNUxH5xX","84.202.66.130","2025-04-24T08:55:09.769Z","1","1","shopping-basket","Karplanter","Karplanter","1","32","4","4","4","5","12","14","17"
"iJ3qPjbQ8U95rqAI6Zz8","129.241.236.175","2025-04-24T07:23:01.384Z","2","5","shopping-basket","Middels nøyaktighet","Svært høy nøyaktighet","0","72","5","38","44","6","12","16","93"
"iQlLkBZEJxbD0U8bDaiZ","129.241.236.230","2025-04-30T12:29:17.292Z","1","3","gaze-adaptive","Fugl","Fugl","1","16","3","2","3","0","12","13","8"
"ibG2mswDux1DL0A9sW4o","151.81.139.111","2025-04-24T13:41:19.462Z","2","4","shopping-basket","Høy nøyaktighet","Høy nøyaktighet","1","151","15","26","35","104","12","17","180"
"idbmR0Gs6sWCrLQiABJW","130.190.58.47","2025-04-24T06:44:59.872Z","2","6","gaze-adaptive","Liten bygning","Liten bygning","1","19","2","1","2","0","12","14","5"
"ie4wGNbbM2kj8LFhgDsb","85.19.221.50","2025-05-05T09:15:39.670Z","2","4","interactive","Høy nøyaktighet","Høy nøyaktighet","1","80","0","11","13","0","12","15","24"
"if4nbZFs7afDDEhHtBoi","101.9.247.52","2025-04-24T07:31:43.210Z","1","2","interactive","0-10 år","0-10 år","1","20","0","1","1","1","12","13","3"
"ikY7VLl0rJdlyI6V4XN0","104.28.31.33","2025-04-24T08:32:59.294Z","3","7","gaze-adaptive","Middels trafikkmengde","Middels trafikkmengde","1","19","6","6","6","1","13","20","19"
"is5dHBwn0r9IMZk5Qj69","82.147.39.130","2025-05-05T10:48:55.503Z","1","1","shopping-basket","Karplanter","Karplanter","1","32","8","3","4","6","12","15","21"
"j0KEuQHXkqCQDuCIZr5r","82.194.204.213","2025-04-27T18:58:05.409Z","3","8","interactive","Mindre tiltak meldt","Mindre tiltak meldt","1","55","0","16","19","1","13","22","36"
"j2MX5vvwOPY2N8oP57Hr","129.241.236.188","2025-04-25T14:15:39.857Z","3","7","shopping-basket","Middels trafikkmengde","Middels trafikkmengde","1","16","2","4","4","2","13","14","12"
"j8fP79w9TXULkmtuEJy1","85.164.166.31","2025-04-24T07:53:17.119Z","1","2","gaze-adaptive","0-10 år","0-10 år","1","47","18","6","18","0","12","16","42"
"jXG7nMAZbW2aP8D0Og9d","82.147.61.76","2025-05-09T06:43:16.786Z","1","1","interactive","Karplanter","Karplanter","1","45","0","2","2","0","12","14","4"
"jnynqYV3M1Fchv4uk3Bi","212.20.204.67","2025-05-05T09:58:23.361Z","2","4","gaze-adaptive","Høy nøyaktighet","Høy nøyaktighet","1","125","35","19","35","4","12","18","93"
"jwZ95mQKCXiI3CPFoRw0","129.241.236.85","2025-04-24T09:53:05.471Z","2","5","shopping-basket","Svært høy nøyaktighet","Svært høy nøyaktighet","1","34","4","3","5","8","12","17","20"
"jwxPHTYVtMJfjHtOhpBP","82.147.61.76","2025-05-09T07:18:08.311Z","3","9","gaze-adaptive","Mindre tiltak meldt","Mindre tiltak fullført","0","38","7","6","7","0","13","16","20"
"k6DBTqnn0PZ5wDRTgKfI","59.22.77.217","2025-05-04T15:15:59.434Z","1","1","interactive","Karplanter","Karplanter","1","47","0","2","3","7","12","14","12"
"kKrZpBRNPliS6EOhht4g","85.164.166.31","2025-04-24T07:59:27.192Z","3","8","shopping-basket","Mindre tiltak meldt","Mindre tiltak meldt","1","78","18","5","11","11","13","16","45"
"kdl1eu8rv8wBUVoELVzZ","104.28.31.33","2025-04-24T08:33:28.829Z","3","8","gaze-adaptive","Mindre tiltak meldt","Mindre tiltak meldt","1","29","5","4","5","4","13","17","18"
"kkPHVfDZHnfh9bYLod3Y","81.167.240.7","2025-04-24T11:30:27.250Z","2","5","gaze-adaptive","Svært høy nøyaktighet","Svært høy nøyaktighet","1","35","11","9","11","1","12","14","32"
"konQIGdQYdTAAyLgmUH9","212.20.204.67","2025-05-05T09:55:50.000Z","1","2","shopping-basket","11-30 år","0-10 år","0","75","6","10","10","10","12","16","36"
"kvfuPSHBdlQKqm2da2T1","129.241.236.174","2025-04-24T06:51:50.475Z","3","9","shopping-basket","Mindre tiltak fullført","Mindre tiltak fullført","1","63","12","15","17","15","13","15","59"
"kzwIar35cqvDDJYiEhVP","82.194.204.213","2025-04-27T18:53:43.334Z","1","3","gaze-adaptive","Fugl","Fugl","1","26","9","7","9","0","12","16","25"
"lPkFuRbkqqQgqr2gb5mM","129.241.236.175","2025-04-24T07:24:41.276Z","3","8","interactive","Mindre tiltak meldt","Mindre tiltak meldt","1","41","0","3","3","2","13","15","8"
"lUOjaM3C5Zzw9E8eZy1M","129.241.236.175","2025-04-24T07:24:00.007Z","3","7","interactive","Middels trafikkmengde","Middels trafikkmengde","1","22","0","4","5","1","13","15","10"
"lY4nZrchxlnWv4e3KR5I","178.164.42.170","2025-04-25T07:49:06.421Z","3","9","gaze-adaptive","Mindre tiltak fullført","Mindre tiltak fullført","1","26","7","7","7","0","13","18","21"
"lZUaawVUpy1iGGss9rrY","129.241.236.51","2025-04-25T12:04:14.040Z","3","9","gaze-adaptive","Ferdig bygget","Mindre tiltak fullført","0","21","12","10","12","0","13","18","34"
"lapftC8ssjHBFrCJga80","93.70.14.43","2025-05-08T11:17:14.102Z","1","3","shopping-basket","Fugl","Fugl","1","53","12","8","13","13","12","12","46"
"lePLXpgauzvYCzFjR59d","188.216.100.236","2025-04-24T08:17:34.751Z","1","1","shopping-basket","Karplanter","Karplanter","1","52","6","3","5","21","12","14","35"
"ltUdwuYzhataFuJmumVe","178.164.115.244","2025-04-28T12:16:18.452Z","3","8","shopping-basket","Mindre tiltak meldt","Mindre tiltak meldt","1","96","12","13","25","22","13","16","72"
"lvqEJso83xF9ZBYMDd8i","85.19.221.50","2025-05-05T09:14:19.640Z","1","3","gaze-adaptive","Fugl","Fugl","1","19","0","0","0","0","12","12","0"
"lwmKMgPoPzFz1I1KaW04","82.147.43.156","2025-05-05T10:15:33.824Z","3","9","shopping-basket","Mindre tiltak fullført","Mindre tiltak fullført","1","260","23","39","43","68","13","15","173"
"m18XKRfpm8XOzsqsNEKu","129.241.236.188","2025-04-25T14:16:34.792Z","3","8","shopping-basket","Mindre tiltak meldt","Mindre tiltak meldt","1","55","12","3","4","7","13","15","26"
"m7qyChDwFl5dmHhktLUG","129.241.236.15","2025-04-24T14:52:16.264Z","3","9","interactive","Midlertidig tatt i bruk","Mindre tiltak fullført","0","39","0","9","14","3","13","17","26"
"mICQXRSqQGZusD5dAMha","129.241.236.59","2025-04-24T14:13:19.555Z","3","8","interactive","Under bygging","Mindre tiltak meldt","0","25","0","4","4","4","13","15","12"
"mM1Oq4037a6x1gW5okOT","129.241.236.15","2025-04-24T14:50:28.047Z","2","6","gaze-adaptive","Liten bygning","Liten bygning","1","20","6","5","6","0","12","14","17"
"mMJKkztqJ7xq0JjH5M4q","129.241.236.85","2025-04-24T09:52:31.532Z","2","4","shopping-basket","Høy nøyaktighet","Høy nøyaktighet","1","43","3","13","13","5","12","16","34"
"mOFCpuL1w8BLTOcocL6W","195.69.0.8","2025-04-24T16:31:05.982Z","2","5","interactive","Svært høy nøyaktighet","Svært høy nøyaktighet","1","33","0","5","7","0","12","15","12"
"mS3L2G7jgVzDppJRzlyx","130.190.58.47","2025-04-24T06:43:56.985Z","2","4","gaze-adaptive","Høy nøyaktighet","Høy nøyaktighet","1","48","6","4","6","0","12","15","16"
"md4mRJyFTFRh6OLcs1Fe","178.164.115.244","2025-04-28T12:18:07.197Z","3","9","shopping-basket","Mindre tiltak fullført","Mindre tiltak fullført","1","108","23","6","13","19","13","15","61"
"mq5i7Qb2sGsNpkQZoL7V","186.79.173.59","2025-04-24T13:00:34.890Z","1","2","gaze-adaptive","0-10 år","0-10 år","1","29","1","1","1","0","12","13","3"
"mySMoBmaEVrqPD7ahx3V","77.88.123.6","2025-05-05T12:05:16.078Z","2","6","shopping-basket","Liten bygning","Liten bygning","1","42","6","2","2","4","12","13","14"
"n0FnEueqREzileIeSYA2","186.79.173.59","2025-04-24T13:02:43.975Z","3","7","shopping-basket","Middels trafikkmengde","Middels trafikkmengde","1","21","2","6","6","3","13","16","17"
"n98kIo8KfciHnM37ETzM","62.16.200.67","2025-04-26T09:59:05.723Z","1","2","interactive","0-10 år","0-10 år","1","37","0","2","4","4","12","14","10"
"nA9WtUEiY4Z4bP4DFPHp","129.241.236.85","2025-04-24T09:53:21.989Z","2","6","shopping-basket","Liten bygning","Liten bygning","1","16","2","4","6","3","12","17","15"
"nFmT14cVsykWcW7hobEA","84.209.87.154","2025-04-25T13:20:05.563Z","2","4","gaze-adaptive","Svært høy nøyaktighet","Høy nøyaktighet","0","199","69","39","69","3","12","16","180"
"nM5espDMakOpCcVbBQLG","93.70.14.43","2025-05-08T11:18:43.135Z","2","5","gaze-adaptive","Svært høy nøyaktighet","Svært høy nøyaktighet","1","39","9","5","9","0","12","18","23"
"na17hFRntqqMLIvZQm0a","85.164.166.31","2025-04-24T07:52:30.378Z","1","1","gaze-adaptive","Karplanter","Karplanter","1","106","29","19","29","4","12","19","81"
"nbP3MXeH9XR5psVC4OWN","130.190.58.47","2025-04-24T06:42:50.821Z","1","2","interactive","0-10 år","0-10 år","1","20","0","1","1","0","12","13","2"
"ncOMsf5A2aeGaJJzh5LD","178.164.42.170","2025-04-25T07:44:44.262Z","1","1","shopping-basket","Karplanter","Karplanter","1","40","5","11","11","5","12","13","32"
"nd2cWBLvvNtYcELGqumk","51.13.116.207","2025-05-05T09:41:42.243Z","3","7","gaze-adaptive","Middels trafikkmengde","Middels trafikkmengde","1","17","1","1","1","4","13","14","7"
"nzLACmQQCWxI233vARD3","129.241.236.166","2025-04-30T13:59:26.932Z","2","4","gaze-adaptive","Høy nøyaktighet","Høy nøyaktighet","1","69","50","38","50","1","12","18","139"
"o3AvtMu1dBmfVlucFc3T","185.176.244.74","2025-05-10T18:31:52.876Z","2","4","interactive","Høy nøyaktighet","Høy nøyaktighet","1","29","0","8","11","0","12","14","19"
"oAIyKS1ROGjLEAeJusVm","195.69.0.8","2025-04-24T16:27:44.543Z","1","1","gaze-adaptive","Karplanter","Karplanter","1","80","17","16","17","1","12","14","51"
"oAgU0jAg91F3ZuX8dGGb","81.167.240.7","2025-04-24T11:31:53.250Z","2","6","gaze-adaptive","Liten bygning","Liten bygning","1","86","4","3","4","1","12","17","12"
"oRrgDk6DBcNbgkv17jl5","178.164.42.170","2025-04-25T07:48:40.434Z","3","8","gaze-adaptive","Mindre tiltak meldt","Mindre tiltak meldt","1","38","16","16","16","0","13","18","48"
"oTXSqSRf5dzzAvqKkbVz","185.176.244.74","2025-05-10T18:32:23.365Z","2","5","interactive","Svært lav nøyaktighet","Svært høy nøyaktighet","0","30","0","10","15","2","12","15","27"
"oikl6vu8BI542jDxOHOI","129.241.236.59","2025-04-24T06:54:28.409Z","1","2","interactive","0-10 år","0-10 år","1","39","0","11","21","2","12","13","34"
"oq2aLbj0sc6lKd6MVZRb","129.241.236.174","2025-04-24T06:47:45.101Z","2","4","interactive","Høy nøyaktighet","Høy nøyaktighet","1","57","0","17","17","0","12","15","34"
"pABx114f5kH4ISAljreq","82.147.61.76","2025-05-09T06:43:50.857Z","1","2","interactive","0-10 år","0-10 år","1","34","0","1","1","0","12","14","2"
"pBbmaJTCIUvHAuP1DbTJ","82.147.43.156","2025-05-05T10:04:44.684Z","1","1","interactive","Karplanter","Karplanter","1","36","0","2","2","1","12","13","5"
"pBuU11Tjl0uVM3TZ2aID","158.38.1.167","2025-05-06T07:17:33.260Z","3","8","shopping-basket","Mindre tiltak meldt","Mindre tiltak meldt","1","34","2","3","4","4","13","16","13"
"pE8xbEwRFhWp5jNgAqu5","84.16.219.44","2025-05-06T17:01:51.298Z","3","8","interactive","Under bygging","Mindre tiltak meldt","0","30","0","5","5","0","13","16","10"
"pbnuLQwWpgiLb38yHCrr","85.165.226.200","2025-05-05T09:30:19.792Z","3","8","gaze-adaptive","Mindre tiltak meldt","Mindre tiltak meldt","1","31","10","8","10","3","13","18","31"
"pcM7G98ipFCS59Bckzh6","129.241.236.191","2025-05-02T09:00:41.752Z","2","4","interactive","Høy nøyaktighet","Høy nøyaktighet","1","48","0","3","7","0","12","15","10"
"pcY6KxxFdWR0RaZ87ozc","129.241.236.188","2025-04-25T14:14:45.763Z","2","5","gaze-adaptive","Svært høy nøyaktighet","Svært høy nøyaktighet","1","31","11","6","11","1","12","14","29"
"psF13kT5i4Mp1sk3slWt","176.221.89.67","2025-05-05T10:19:34.152Z","1","3","gaze-adaptive","Fugl","Fugl","1","14","0","0","0","0","12","12","0"
"pvfAIEnPIldas1EzbfF4","185.71.211.104","2025-04-25T21:33:24.654Z","3","7","gaze-adaptive","Middels trafikkmengde","Middels trafikkmengde","1","15","7","5","6","1","13","14","19"
"pyb59CJRayDOOowlAGIu","176.221.89.67","2025-05-05T10:18:50.357Z","1","1","gaze-adaptive","Karplanter","Karplanter","1","68","4","4","4","0","12","13","12"
"q2x12o2quly0FtDuKa5y","109.74.178.138","2025-04-29T09:18:49.895Z","3","9","shopping-basket","Mindre tiltak fullført","Mindre tiltak fullført","1","66","13","5","15","10","13","17","43"
"q6IDc4KMPk0TdwVjBE89","93.70.14.43","2025-05-08T11:21:58.664Z","3","9","interactive","Mindre tiltak fullført","Mindre tiltak fullført","1","58","0","10","17","0","13","15","27"
"qF8FOE6dPH2ncPlWr8Yk","129.241.236.230","2025-04-30T12:28:35.093Z","1","1","gaze-adaptive","Karplanter","Karplanter","1","33","7","7","7","1","12","15","22"
"qGiuCl278ZErH4cYkF4t","185.39.203.222","2025-05-05T13:37:54.101Z","2","5","shopping-basket","Middels nøyaktighet","Svært høy nøyaktighet","0","27","0","8","8","0","12","16","16"
"qHIr7LuE7MaoIbRCq3uP","129.241.236.15","2025-04-30T10:46:12.081Z","1","2","interactive","11-30 år","0-10 år","0","106","0","0","0","0","12","12","0"
"qiZ8KiPSG4EYmHbADXut","87.248.12.202","2025-05-06T11:32:11.601Z","2","4","interactive","Svært høy nøyaktighet","Høy nøyaktighet","0","51","0","14","15","2","12","16","31"
"r4HkbQCiuQ3Q0zymAZ2k","93.70.14.43","2025-05-08T11:21:01.011Z","3","8","interactive","Mindre tiltak meldt","Mindre tiltak meldt","1","65","0","13","20","0","13","22","33"
"rGkZjCILvl64h2EiPpVU","85.164.166.31","2025-04-24T07:57:24.615Z","2","6","interactive","Liten bygning","Liten bygning","1","44","0","6","13","0","12","15","19"
"rKqdg0olDtLN1qcKRiYj","129.241.236.174","2025-04-24T06:49:11.943Z","2","6","interactive","Veldig liten bygning","Liten bygning","0","49","0","6","7","0","12","14","13"
"rSHdfs0Feb81ovCBJVty","178.164.42.170","2025-04-25T07:45:33.771Z","1","3","shopping-basket","Fugl","Fugl","1","15","2","5","5","3","12","12","15"
"rWrRFlfePPKOyMuMfedW","178.164.42.170","2025-04-25T07:48:02.229Z","3","7","gaze-adaptive","Middels trafikkmengde","Middels trafikkmengde","1","20","8","8","8","0","13","16","24"
"rfT1nrxQXwNN7wI14QmL","51.175.176.9","2025-04-24T06:52:05.361Z","3","7","gaze-adaptive","Middels trafikkmengde","Middels trafikkmengde","1","17","5","5","5","0","13","15","15"
"rhfe3z3eIyx6k0aI1pdm","87.248.12.202","2025-05-06T11:33:06.754Z","2","6","interactive","Liten bygning","Liten bygning","1","19","0","1","2","0","12","15","3"
"rtxJRdooNK0NuhK40Zcx","188.216.100.236","2025-04-24T08:18:33.439Z","1","3","shopping-basket","Fugl","Fugl","1","28","3","2","3","3","12","13","11"
"ryeQAHj4ZD3wpidlINSN","212.20.204.67","2025-05-05T10:01:29.573Z","3","8","interactive","Mindre tiltak meldt","Mindre tiltak meldt","1","69","0","14","15","5","13","21","34"
"sD6aoOXcjMvGRaRbA767","151.81.139.111","2025-04-24T13:42:56.019Z","3","7","gaze-adaptive","Middels trafikkmengde","Middels trafikkmengde","1","23","8","6","7","2","13","22","23"
"sNWnZzHsDveHF4Cr1x2D","81.167.240.7","2025-04-24T11:34:28.152Z","3","8","interactive","Mindre tiltak meldt","Mindre tiltak meldt","1","115","0","11","12","3","13","16","26"
"sRJnWBCkp6dBfi0kB3wR","185.71.211.104","2025-04-25T21:33:54.829Z","3","9","gaze-adaptive","Mindre tiltak meldt","Mindre tiltak fullført","0","16","6","4","6","1","13","15","17"
"sS1JhLGVLVTPqDMFN5wA","129.241.236.15","2025-04-30T11:02:01.995Z","3","7","gaze-adaptive","Middels trafikkmengde","Middels trafikkmengde","1","14","0","0","0","1","13","13","1"
"sXxSKQFRhx9KhwqX1BQe","85.165.226.200","2025-05-05T09:28:58.101Z","2","5","interactive","Svært høy nøyaktighet","Svært høy nøyaktighet","1","29","0","4","6","0","12","15","10"
"sZ5haC1v8XynWakLNOJJ","186.79.173.59","2025-04-24T13:00:05.917Z","1","1","gaze-adaptive","Karplanter","Karplanter","1","41","2","2","2","2","12","13","8"
"sfbn1b3Kv57YsFk03gUX","129.241.236.24","2025-04-24T12:25:30.671Z","1","3","interactive","Fugl","Fugl","1","25","0","6","6","0","12","12","12"
"shDmLyfXFKnDOG0EibJ3","84.209.87.154","2025-04-25T13:21:09.307Z","2","5","gaze-adaptive","Svært høy nøyaktighet","Svært høy nøyaktighet","1","63","6","4","6","0","12","16","16"
"sjqZCCgvtqXrOOLhscFM","129.241.236.85","2025-04-24T09:51:48.597Z","1","3","gaze-adaptive","Fugl","Fugl","1","37","6","4","6","0","12","12","16"
"spTdtaNZOkHGtbSLfMhJ","62.16.200.67","2025-04-26T10:01:50.575Z","2","5","shopping-basket","Svært høy nøyaktighet","Svært høy nøyaktighet","1","41","6","5","10","23","12","17","44"
"spxtMfxotZoMlrdDjMDb","84.208.184.34","2025-04-24T15:14:52.210Z","3","8","shopping-basket","Mindre tiltak meldt","Mindre tiltak meldt","1","53","3","2","3","3","13","15","11"
"t0v43iA9dzTxHjNwTbFF","85.165.226.200","2025-05-05T09:26:36.058Z","1","2","shopping-basket","0-10 år","0-10 år","1","63","18","9","15","35","12","17","77"
"t4UzhbSpYKZEfim1CqPd","129.241.236.26","2025-04-24T08:27:27.871Z","2","5","shopping-basket","Lav nøyaktighet","Svært høy nøyaktighet","0","35","1","2","3","1","12","13","7"
"t6iWED8MCd58HwiQk1Jn","129.241.236.59","2025-04-24T14:10:34.709Z","1","1","gaze-adaptive","Karplanter","Karplanter","1","30","10","10","10","4","12","14","34"
"tE96evMJ67VyLyszXr9R","195.69.0.8","2025-04-24T16:31:28.951Z","2","6","interactive","Liten bygning","Liten bygning","1","23","0","2","3","0","12","15","5"
"tPid9tnioYeib7gcxtSt","85.164.166.31","2025-04-24T07:56:40.900Z","2","5","interactive","Svært høy nøyaktighet","Svært høy nøyaktighet","1","51","0","5","11","0","12","17","16"
"tTSyE1zy6jGp6fIfnteZ","130.190.58.47","2025-04-24T06:45:58.350Z","3","8","shopping-basket","Mindre tiltak meldt","Mindre tiltak meldt","1","37","6","1","2","28","13","14","37"
"tVhZ4rAbhn8MPK1roaaN","85.19.221.50","2025-05-05T09:16:09.652Z","2","5","interactive","Svært høy nøyaktighet","Svært høy nøyaktighet","1","30","0","2","3","0","12","14","5"
"tWFXzKktiSF4eQ3erplP","130.190.58.47","2025-04-24T06:45:21.303Z","3","7","shopping-basket","Middels trafikkmengde","Middels trafikkmengde","1","21","3","3","5","14","13","14","25"
"tbYNfUIqdOV3vIjgDP8y","46.15.44.237","2025-05-06T06:13:37.435Z","2","5","gaze-adaptive","Svært høy nøyaktighet","Svært høy nøyaktighet","1","29","10","8","10","0","12","18","28"
"tlfEh8HxClHNH31i1EmI","62.16.200.67","2025-04-26T10:02:34.182Z","3","7","gaze-adaptive","Middels trafikkmengde","Middels trafikkmengde","1","26","4","2","4","4","13","15","14"
"toVL1x1DtQlf50fMGF7W","146.2.243.175","2025-05-06T08:55:10.463Z","2","5","interactive","Svært høy nøyaktighet","Svært høy nøyaktighet","1","26","0","13","13","0","12","17","26"
"tve9qHZqJ0mGAY9o5JsN","51.13.116.207","2025-05-05T09:39:30.137Z","1","2","interactive","11-30 år","0-10 år","0","27","0","0","0","0","12","12","0"
"u0riI2LinnIRitlnYmOZ","176.221.89.67","2025-05-05T10:23:26.113Z","3","9","shopping-basket","Mindre tiltak fullført","Mindre tiltak fullført","1","73","14","3","3","12","13","15","32"
"uFW5SXsl8I3G6GykpLEV","129.241.236.26","2025-04-24T08:26:52.926Z","2","4","shopping-basket","Middels nøyaktighet","Høy nøyaktighet","0","55","8","4","6","14","12","15","32"
"uUxP0HHRCphr9IICnKK1","82.147.43.156","2025-05-05T10:05:34.935Z","1","2","interactive","0-10 år","0-10 år","1","50","0","4","4","1","12","13","9"
"ucqPLsBuCITjYyvqbmSD","185.176.244.74","2025-05-10T18:31:23.991Z","1","3","gaze-adaptive","Fugl","Fugl","1","14","5","4","5","0","12","12","14"
"ugEGFeAh1AuZ4ceT7HJ3","129.241.236.175","2025-04-24T07:23:37.814Z","2","6","shopping-basket","Liten bygning","Liten bygning","1","36","3","8","11","6","12","15","28"
"uivhtusQGbAxf6I8bbpJ","129.241.236.96","2025-04-24T07:55:03.579Z","3","8","shopping-basket","Mindre tiltak meldt","Mindre tiltak meldt","1","70","12","9","18","13","13","15","52"
"uw7vhFJ2FiP0mTAl1aAQ","158.38.1.167","2025-05-06T07:15:36.044Z","2","4","gaze-adaptive","Høy nøyaktighet","Høy nøyaktighet","1","43","7","7","7","0","12","15","21"
"v2EVvjjbZ0BFj9VXIRF2","84.208.184.34","2025-04-24T15:13:01.326Z","2","5","gaze-adaptive","Svært lav nøyaktighet","Svært høy nøyaktighet","0","38","2","1","2","0","12","13","5"
"v7OQPTWHMVE2SfsqSvlb","151.81.139.111","2025-04-24T13:37:47.568Z","1","1","interactive","Karplanter","Karplanter","1","63","0","10","12","0","12","16","22"
"vHDvLwVE2aa2LtRUpAQs","77.88.123.6","2025-05-05T12:01:34.451Z","1","2","interactive","0-10 år","0-10 år","1","35","0","0","0","0","12","12","0"
"vNKTtDsHv8qIKB6hDpXQ","129.241.236.182","2025-04-24T07:26:53.363Z","1","1","shopping-basket","Karplanter","Karplanter","1","50","10","2","2","8","12","13","22"
"vSwMaRQ9zz6UIoMJLgxJ","129.241.236.51","2025-04-25T12:00:15.187Z","1","3","interactive","Fugl","Fugl","1","20","0","6","8","0","12","13","14"
"vVQOhNBzYgWHNFdXS3Xh","129.241.236.3","2025-04-25T14:35:52.554Z","2","6","interactive","Liten bygning","Liten bygning","1","17","0","2","4","0","12","14","6"
"vhl7Sy4JTojY2Qld2jfM","185.71.211.104","2025-04-25T21:31:05.865Z","1","2","shopping-basket","11-30 år","0-10 år","0","11","2","3","4","2","12","13","11"
"vpnyaZXLH5h3iEF9Jx4W","129.241.236.15","2025-04-30T10:44:26.112Z","1","1","interactive","Karplanter","Karplanter","1","121","0","0","0","1","12","12","1"
"vsqbRBY4rpAX6ci33KBS","151.81.139.111","2025-04-24T13:44:14.864Z","3","9","gaze-adaptive","Mindre tiltak fullført","Mindre tiltak fullført","1","27","7","3","7","0","13","19","17"
"w9bzYHM90KbtdeWpdmA2","109.74.178.138","2025-04-29T09:15:14.695Z","2","4","interactive","Høy nøyaktighet","Høy nøyaktighet","1","73","0","20","37","3","12","16","60"
"wDdJYRZC6Ad4snhaYh6e","151.81.139.111","2025-04-24T13:42:33.086Z","2","6","shopping-basket","Liten bygning","Liten bygning","1","35","7","2","4","5","12","15","18"
"wFJO2bKigfqkCe1xXGnm","129.241.236.15","2025-04-24T14:51:36.762Z","3","8","interactive","Mindre tiltak meldt","Mindre tiltak meldt","1","26","0","4","7","2","13","16","13"
"wHNOk2VueHy4N41ermVu","93.70.14.43","2025-05-08T11:18:03.871Z","2","4","gaze-adaptive","Høy nøyaktighet","Høy nøyaktighet","1","50","25","21","25","4","12","18","75"
"wIyHNjR7Ir7mupkQj4aI","186.79.173.59","2025-04-24T13:00:48.244Z","1","3","gaze-adaptive","Fugl","Fugl","1","13","3","2","3","0","12","12","8"
"wVn6Y3BxoBRsFcoODaaD","82.147.43.156","2025-05-05T10:08:52.215Z","2","5","gaze-adaptive","Svært lav nøyaktighet","Svært høy nøyaktighet","0","48","12","9","12","0","12","16","33"
"wbROJ1SHe8rqqXq5Mvld","101.9.247.52","2025-04-24T07:31:23.315Z","1","1","interactive","Karplanter","Karplanter","1","38","0","4","4","2","12","13","10"
"wfRvG9xR5S6jXt5vkFh4","81.167.240.7","2025-04-24T11:29:51.872Z","2","4","gaze-adaptive","Høy nøyaktighet","Høy nøyaktighet","1","257","46","42","46","3","12","19","137"
"wgxhpcYqrjOKCXrGgoIo","129.241.236.182","2025-04-24T07:30:20.101Z","3","7","interactive","Middels trafikkmengde","Middels trafikkmengde","1","36","0","19","22","5","13","14","46"
"wjSKpd0LfumyYSJVruoT","46.15.44.237","2025-05-06T06:14:01.787Z","2","6","gaze-adaptive","Liten bygning","Liten bygning","1","24","9","7","9","0","12","18","25"
"wkuEXERArlRJMQTWQTyc","93.70.14.43","2025-05-08T11:19:55.682Z","3","7","interactive","Middels trafikkmengde","Middels trafikkmengde","1","41","0","16","18","0","13","13","34"
"wn52TKjlrWdFkY9oMAky","129.241.236.37","2025-04-30T14:02:04.569Z","2","6","gaze-adaptive","Liten bygning","Liten bygning","1","21","7","6","7","0","12","14","20"
"wp6GbRrCeAvhtj5Xw0zQ","129.241.236.59","2025-04-24T14:12:43.848Z","2","6","shopping-basket","Liten bygning","Liten bygning","1","22","1","9","13","1","12","16","24"
"x7JN7xmVbekDOq8FrAR4","129.241.236.37","2025-04-30T14:01:15.124Z","2","4","gaze-adaptive","Høy nøyaktighet","Høy nøyaktighet","1","74","19","18","19","8","12","14","64"
"xF5SStoBWv3YhPf561Q5","84.202.66.130","2025-04-24T08:57:21.462Z","2","5","interactive","Svært høy nøyaktighet","Svært høy nøyaktighet","1","19","0","4","7","0","12","16","11"
"xLenAFENPgRO9OQTVBY6","84.208.184.34","2025-04-24T15:13:24.776Z","2","6","gaze-adaptive","Liten bygning","Liten bygning","1","23","2","1","2","0","12","13","5"
"xddfXVC6rQEiJDwoqnKV","158.38.1.167","2025-05-06T07:13:58.969Z","1","1","interactive","Karplanter","Karplanter","1","58","0","3","3","0","12","13","6"
"xfRepToX0vzdPHus21GP","129.241.236.59","2025-04-24T06:54:39.594Z","1","3","interactive","Fugl","Fugl","1","11","0","2","3","0","12","14","5"
"xpUAia05I6JsvMBiw2ZT","84.16.219.44","2025-05-06T17:00:19.155Z","2","4","shopping-basket","Svært lav nøyaktighet","Høy nøyaktighet","0","63","1","10","10","8","12","13","29"
"xqb6SBw9aCncRuqGNIhF","129.241.236.37","2025-04-30T14:02:24.720Z","3","7","interactive","Middels trafikkmengde","Middels trafikkmengde","1","20","0","6","6","0","13","13","12"
"xtzcpTOcyTarki8pCrbo","129.241.236.24","2025-04-24T12:29:40.503Z","3","9","shopping-basket","Mindre tiltak fullført","Mindre tiltak fullført","1","18","2","3","5","3","13","16","13"
"y2BPuxabgYbeKKbj2WhA","129.241.236.3","2025-04-25T14:38:04.552Z","3","8","shopping-basket","Mindre tiltak meldt","Mindre tiltak meldt","1","115","10","3","5","19","13","16","37"
"yCKpMjvTjMn6J3FvchBd","94.255.240.119","2025-04-25T13:01:39.355Z","3","7","interactive","Middels trafikkmengde","Middels trafikkmengde","1","21","0","9","12","0","13","15","21"
"yHecZZNWs2YUNlcLcX4m","129.241.236.3","2025-04-25T14:33:16.542Z","1","1","gaze-adaptive","Karplanter","Karplanter","1","21","0","0","0","0","12","12","0"
"yMwFACa9y9UNXKoxrm4L","77.88.123.6","2025-05-05T12:07:00.866Z","3","9","gaze-adaptive","Ferdig bygget","Mindre tiltak fullført","0","49","5","4","5","0","13","15","14"
"yNVb29JftlIwMQViJlKO","84.202.66.130","2025-04-24T08:56:12.370Z","1","3","shopping-basket","Fugl","Fugl","1","35","7","1","5","16","12","12","29"
"yV8tBmzRtKWtRVOAbBEq","129.241.236.24","2025-04-24T12:27:38.916Z","3","7","shopping-basket","Middels trafikkmengde","Middels trafikkmengde","1","25","8","4","4","9","13","16","25"
"yfG8fK4YA4Hk3wjWemzX","129.241.236.51","2025-04-25T12:02:48.619Z","2","6","shopping-basket","Veldig liten bygning","Liten bygning","0","60","3","32","46","3","12","14","84"
"ykCxu0n2N13Ow2NqjQ7Q","82.147.61.76","2025-05-09T07:17:30.085Z","3","8","gaze-adaptive","Mindre tiltak meldt","Mindre tiltak meldt","1","64","13","12","13","1","13","18","39"
"ykllVskYkMXcDwRIlW1y","129.241.236.26","2025-04-24T08:28:15.214Z","3","9","gaze-adaptive","Mindre tiltak meldt","Mindre tiltak fullført","0","3","0","0","0","0","13","13","0"
"yltTA6EyqQmHC8huBp4g","129.241.236.24","2025-04-24T12:26:52.602Z","2","5","gaze-adaptive","Svært høy nøyaktighet","Svært høy nøyaktighet","1","43","16","11","15","0","12","17","42"
"yvZ6XvvVpuKqsoifV67I","84.202.66.130","2025-04-24T08:57:02.137Z","2","4","interactive","Høy nøyaktighet","Høy nøyaktighet","1","50","0","19","23","8","12","14","50"
"yvgyz83Su7AFOAHknaVP","130.190.58.47","2025-04-24T06:46:46.268Z","3","9","shopping-basket","Midlertidig tatt i bruk","Mindre tiltak fullført","0","48","10","1","2","52","13","14","65"
"zCrrbGp0KgwAMGKuxCFM","129.241.236.209","2025-04-28T12:09:09.183Z","1","2","shopping-basket","0-10 år","0-10 år","1","23","5","2","5","7","12","14","19"
"zCt2SUkIweriFJcgemnN","129.241.236.174","2025-04-24T06:50:47.358Z","3","8","shopping-basket","Mindre tiltak meldt","Mindre tiltak meldt","1","79","6","5","8","11","13","15","30"
"zNxLC5n4zTrBLnz33Sb8","82.147.43.156","2025-05-05T10:11:13.255Z","3","8","shopping-basket","Mindre tiltak meldt","Mindre tiltak meldt","1","64","6","8","9","12","13","16","35"
"zO9ZDDuUuJ1DomFBzfCK","129.241.236.51","2025-04-25T12:03:52.621Z","3","8","gaze-adaptive","Mindre tiltak meldt","Mindre tiltak meldt","1","35","17","13","17","0","13","17","47"
"zaM2UMG6Dv3BYbDdEIkZ","81.0.157.136","2025-05-05T09:51:08.078Z","2","4","shopping-basket","Svært høy nøyaktighet","Høy nøyaktighet","0","122","8","18","23","30","12","16","79"
"zbVet1QKOC3jaZtwBhtY","129.241.236.188","2025-04-25T14:15:23.480Z","2","6","gaze-adaptive","Liten bygning","Liten bygning","1","38","19","13","19","1","12","12","52"
"zkCSmHba8xjfiWXErw8S","84.209.87.154","2025-04-25T13:21:31.094Z","2","6","gaze-adaptive","Liten bygning","Liten bygning","1","22","2","1","2","0","12","15","5"
"zyQeSJSIvz4TjSrzaLoP","62.16.200.67","2025-04-26T10:03:24.367Z","3","8","gaze-adaptive","Mindre tiltak meldt","Mindre tiltak meldt","1","50","22","17","22","19","13","21","80"