ipAddress,panCount,zoomCount,legendType,legendInteractionCount,isCorrect,bulkId,questionId,selectedAnswer,timeSpentSeconds,clickCount,initialZoom,correctAnswer,timestamp,finalZoom,documentId
"82.147.39.130","4","3","shopping-basket","8","1","1","1","Karplanter","32","6","12","Karplanter","2025-05-05T10:48:55.503Z","15","is5dHBwn0r9IMZk5Qj69"
"82.147.39.130","3","2","shopping-basket","2","0","1","2","11-30 år","16","2","12","0-10 år","2025-05-05T10:49:12.118Z","15","FI9JduidNiJFClrI3diV"
"82.147.39.130","11","7","shopping-basket","6","1","1","3","Fugl","51","15","12","Fugl","2025-05-05T10:50:03.409Z","12","8gBWY0vya6YvL9XYNr5M"
"82.147.39.130","19","10","interactive","0","1","2","4","Høy nøyaktighet","57","3","12","Høy nøyaktighet","2025-05-05T10:51:00.232Z","15","22W8YkFcFqRVMaNGDewy"
"82.147.39.130","3","3","interactive","0","1","2","5","Svært høy nøyaktighet","22","1","12","Svært høy nøyaktighet","2025-05-05T10:51:22.148Z","16","9zFTsh4UtYzsqlhqWcGt"
"82.147.39.130","2","2","interactive","0","1","2","6","Liten bygning","11","0","12","Liten bygning","2025-05-05T10:51:33.363Z","15","9EJhLS96d4Tc8nNv6iKZ"
"82.147.39.130","19","10","gaze-adaptive","19","1","3","7","Middels trafikkmengde","25","5","13","Middels trafikkmengde","2025-05-05T10:51:58.150Z","16","bObnNbcE2ZOab3NHaUCX"
"82.147.39.130","6","5","gaze-adaptive","6","1","3","8","Mindre tiltak meldt","23","0","13","Mindre tiltak meldt","2025-05-05T10:52:21.412Z","20","TB7I2IRqPZZV7aU5J3AW"
"82.147.39.130","5","3","gaze-adaptive","5","0","3","9","Midlertidig tatt i bruk","27","0","13","Mindre tiltak fullført","2025-05-05T10:52:48.301Z","22","LlNMqEDAyKubLmgFlCLI"
"185.39.203.222","0","0","gaze-adaptive","0","1","1","1","Karplanter","22","0","12","Karplanter","2025-05-05T13:35:35.335Z","12","GO8RJY8QZE2fipmHTTWc"
"185.39.203.222","2","2","gaze-adaptive","2","0","1","2","11-30 år","33","0","12","0-10 år","2025-05-05T13:36:07.977Z","13","H6cprp17Uj2Kqb3YwHIz"
"185.39.203.222","6","3","gaze-adaptive","6","1","1","3","Fugl","32","0","12","Fugl","2025-05-05T13:36:40.575Z","12","bn60pYAdrKnZsYRHDGZn"
"185.39.203.222","13","13","shopping-basket","0","0","2","4","Middels nøyaktighet","47","0","12","Høy nøyaktighet","2025-05-05T13:37:27.477Z","18","d4Kl184CMgkd1aU6ZU9d"
"185.39.203.222","8","8","shopping-basket","0","0","2","5","Middels nøyaktighet","27","0","12","Svært høy nøyaktighet","2025-05-05T13:37:54.101Z","16","qGiuCl278ZErH4cYkF4t"
"185.39.203.222","20","16","shopping-basket","1","1","2","6","Liten bygning","42","1","12","Liten bygning","2025-05-05T13:38:35.749Z","15","h115XqhHLMR82rsnucyk"
"185.39.203.222","1","1","interactive","0","1","3","7","Middels trafikkmengde","15","0","13","Middels trafikkmengde","2025-05-05T13:38:51.134Z","14","Ds7plce3VQLFp3jDAEbJ"
"185.39.203.222","6","6","interactive","0","0","3","8","Søknad godkjent","61","7","13","Mindre tiltak meldt","2025-05-05T13:39:52.800Z","16","TOMata6EouKqEZWsa6cQ"
"185.39.203.222","8","5","interactive","0","1","3","9","Mindre tiltak fullført","27","0","13","Mindre tiltak fullført","2025-05-05T13:40:20.227Z","16","3r1EK298jijAQLZcn2IT"
"81.0.157.136","10","6","gaze-adaptive","10","1","1","1","Karplanter","71","0","12","Karplanter","2025-05-05T09:47:20.545Z","14","GpO3W7Gqa0XJwl7wUwdk"
"81.0.157.136","12","9","gaze-adaptive","12","1","1","2","0-10 år","40","0","12","0-10 år","2025-05-05T09:48:00.442Z","14","DZjZP4CRH1GtHQbutnnr"
"81.0.157.136","13","7","gaze-adaptive","22","1","1","3","Fugl","65","0","12","Fugl","2025-05-05T09:49:05.527Z","15","YxXFvJUA1tQPfXwNgYB9"
"81.0.157.136","23","18","shopping-basket","8","0","2","4","Svært høy nøyaktighet","122","30","12","Høy nøyaktighet","2025-05-05T09:51:08.078Z","16","zaM2UMG6Dv3BYbDdEIkZ"
"81.0.157.136","13","10","shopping-basket","3","1","2","5","Svært høy nøyaktighet","57","14","12","Svært høy nøyaktighet","2025-05-05T09:52:04.899Z","20","SAOAusg7wuSMBsbECUto"
"81.0.157.136","11","9","shopping-basket","8","0","2","6","Veldig liten bygning","71","4","12","Liten bygning","2025-05-05T09:53:16.528Z","16","ZNB64x1KWF1j56tj0HjO"
"81.0.157.136","9","9","interactive","0","1","3","7","Middels trafikkmengde","43","9","13","Middels trafikkmengde","2025-05-05T09:53:59.432Z","15","TvJKCJ9lc85QprmXJL3E"
"81.0.157.136","11","9","interactive","0","1","3","8","Mindre tiltak meldt","60","2","13","Mindre tiltak meldt","2025-05-05T09:54:59.835Z","16","fiNSWLZz5j3L4FWTF1zB"
"81.0.157.136","11","6","interactive","0","1","3","9","Mindre tiltak fullført","66","1","13","Mindre tiltak fullført","2025-05-05T09:56:05.882Z","19","Uruj7MWBA1ErwoCW6tiP"
"185.71.211.104","13","12","shopping-basket","6","1","1","1","Karplanter","49","15","12","Karplanter","2025-04-25T21:30:54.828Z","14","8UxiSMvvCgyr7P28H1I8"
"185.71.211.104","4","3","shopping-basket","2","0","1","2","11-30 år","11","2","12","0-10 år","2025-04-25T21:31:05.865Z","13","vhl7Sy4JTojY2Qld2jfM"
"185.71.211.104","5","4","shopping-basket","5","1","1","3","Fugl","16","7","12","Fugl","2025-04-25T21:31:22.276Z","13","STlWKBoe9A03xcLLV93M"
"185.71.211.104","33","25","interactive","0","1","2","4","Høy nøyaktighet","69","8","12","Høy nøyaktighet","2025-04-25T21:32:31.575Z","15","PLuhyeVnSkoeF6uS7D87"
"185.71.211.104","9","5","interactive","0","1","2","5","Svært høy nøyaktighet","18","1","12","Svært høy nøyaktighet","2025-04-25T21:32:49.532Z","16","ZP1Ywn0CROMVQTBkzH2u"
"185.71.211.104","12","9","interactive","0","1","2","6","Liten bygning","20","0","12","Liten bygning","2025-04-25T21:33:09.368Z","15","4s65hvD1xFolP3XDi6pR"
"185.71.211.104","6","5","gaze-adaptive","7","1","3","7","Middels trafikkmengde","15","1","13","Middels trafikkmengde","2025-04-25T21:33:24.654Z","14","pvfAIEnPIldas1EzbfF4"
"185.71.211.104","4","3","gaze-adaptive","4","0","3","8","Under bygging","14","1","13","Mindre tiltak meldt","2025-04-25T21:33:39.187Z","16","0g00ssgo94Zi5yrfrYtC"
"185.71.211.104","6","4","gaze-adaptive","6","0","3","9","Mindre tiltak meldt","16","1","13","Mindre tiltak fullført","2025-04-25T21:33:54.829Z","15","sRJnWBCkp6dBfi0kB3wR"
"93.70.14.43","4","4","shopping-basket","6","1","1","1","Karplanter","52","8","12","Karplanter","2025-05-08T11:15:40.253Z","14","BL8s1IgcKzF5qTkeddLO"
"93.70.14.43","8","6","shopping-basket","8","1","1","2","0-10 år","40","6","12","0-10 år","2025-05-08T11:16:20.850Z","15","A6dcsI0O9BdMVlZtu3XG"
"93.70.14.43","13","8","shopping-basket","12","1","1","3","Fugl","53","13","12","Fugl","2025-05-08T11:17:14.102Z","12","lapftC8ssjHBFrCJga80"
"93.70.14.43","25","21","gaze-adaptive","25","1","2","4","Høy nøyaktighet","50","4","12","Høy nøyaktighet","2025-05-08T11:18:03.871Z","18","wHNOk2VueHy4N41ermVu"
"93.70.14.43","9","5","gaze-adaptive","9","1","2","5","Svært høy nøyaktighet","39","0","12","Svært høy nøyaktighet","2025-05-08T11:18:43.135Z","18","nM5espDMakOpCcVbBQLG"
"93.70.14.43","14","12","gaze-adaptive","14","1","2","6","Liten bygning","31","0","12","Liten bygning","2025-05-08T11:19:14.634Z","18","KA4nDKarjJC5OGmMcXvq"
"93.70.14.43","18","16","interactive","0","1","3","7","Middels trafikkmengde","41","0","13","Middels trafikkmengde","2025-05-08T11:19:55.682Z","13","wkuEXERArlRJMQTWQTyc"
"93.70.14.43","20","13","interactive","0","1","3","8","Mindre tiltak meldt","65","0","13","Mindre tiltak meldt","2025-05-08T11:21:01.011Z","22","r4HkbQCiuQ3Q0zymAZ2k"
"93.70.14.43","17","10","interactive","0","1","3","9","Mindre tiltak fullført","58","0","13","Mindre tiltak fullført","2025-05-08T11:21:58.664Z","15","q6IDc4KMPk0TdwVjBE89"
"129.241.236.15","4","3","shopping-basket","6","1","1","1","Karplanter","35","12","12","Karplanter","2025-04-24T14:47:57.156Z","14","OGfXcm4DCMswiCfggZ50"
"129.241.236.15","10","7","shopping-basket","6","0","1","2","11-30 år","40","22","12","0-10 år","2025-04-24T14:48:37.324Z","16","OhV0ZZiAw9llqexuUlTa"
"129.241.236.15","9","9","shopping-basket","3","1","1","3","Fugl","24","5","12","Fugl","2025-04-24T14:49:01.662Z","13","gX6KG4idCtsfvnCZbHQX"
"129.241.236.15","17","9","gaze-adaptive","17","1","2","4","Høy nøyaktighet","50","24","12","Høy nøyaktighet","2025-04-24T14:49:51.962Z","18","1Slvhq5jXhpRRr8bWwVy"
"129.241.236.15","7","6","gaze-adaptive","7","1","2","5","Svært høy nøyaktighet","15","1","12","Svært høy nøyaktighet","2025-04-24T14:50:07.424Z","16","Pqkdgn1eS0sLr7SAKcKC"
"129.241.236.15","6","5","gaze-adaptive","6","1","2","6","Liten bygning","20","0","12","Liten bygning","2025-04-24T14:50:28.047Z","14","mM1Oq4037a6x1gW5okOT"
"129.241.236.15","36","34","interactive","0","1","3","7","Middels trafikkmengde","42","17","13","Middels trafikkmengde","2025-04-24T14:51:10.643Z","20","eq6oTv8ceDalNbwbsMbE"
"129.241.236.15","7","4","interactive","0","1","3","8","Mindre tiltak meldt","26","2","13","Mindre tiltak meldt","2025-04-24T14:51:36.762Z","16","wFJO2bKigfqkCe1xXGnm"
"129.241.236.15","14","9","interactive","0","0","3","9","Midlertidig tatt i bruk","39","3","13","Mindre tiltak fullført","2025-04-24T14:52:16.264Z","17","m7qyChDwFl5dmHhktLUG"
"129.241.236.230","7","7","gaze-adaptive","7","1","1","1","Karplanter","33","1","12","Karplanter","2025-04-30T12:28:35.093Z","15","qF8FOE6dPH2ncPlWr8Yk"
"129.241.236.230","9","7","gaze-adaptive","9","1","1","2","0-10 år","26","0","12","0-10 år","2025-04-30T12:29:01.192Z","14","e7sJpRtCXd4OyL85LSOR"
"129.241.236.230","3","2","gaze-adaptive","3","1","1","3","Fugl","16","0","12","Fugl","2025-04-30T12:29:17.292Z","13","iQlLkBZEJxbD0U8bDaiZ"
"129.241.236.230","41","39","shopping-basket","6","0","2","4","Middels nøyaktighet","99","15","12","Høy nøyaktighet","2025-04-30T12:30:57.121Z","15","LiyGJkApHREsHIjdZjHF"
"129.241.236.230","10","8","shopping-basket","5","0","2","5","Svært lav nøyaktighet","46","7","12","Svært høy nøyaktighet","2025-04-30T12:31:43.031Z","16","9g6fLPQHwGuffKCjQcEh"
"129.241.236.230","2","1","shopping-basket","3","0","2","6","Veldig liten bygning","30","3","12","Liten bygning","2025-04-30T12:32:12.724Z","13","TgzpZfCcCV31V0tMfSOE"
"129.241.236.230","9","9","interactive","0","1","3","7","Middels trafikkmengde","26","0","13","Middels trafikkmengde","2025-04-30T12:32:38.820Z","13","JBL1CY42d4nIXGRzZvCq"
"129.241.236.230","6","6","interactive","0","0","3","8","Under bygging","19","0","13","Mindre tiltak meldt","2025-04-30T12:32:57.671Z","15","149FY336k4JP7s1NyXcu"
"129.241.236.230","9","7","interactive","0","1","3","9","Mindre tiltak fullført","36","0","13","Mindre tiltak fullført","2025-04-30T12:33:34.205Z","16","Rd09fMgKx3JKB3sH6ls7"
"186.79.173.59","2","2","gaze-adaptive","2","1","1","1","Karplanter","41","2","12","Karplanter","2025-04-24T13:00:05.917Z","13","sZ5haC1v8XynWakLNOJJ"
"186.79.173.59","1","1","gaze-adaptive","1","1","1","2","0-10 år","29","0","12","0-10 år","2025-04-24T13:00:34.890Z","13","mq5i7Qb2sGsNpkQZoL7V"
"186.79.173.59","3","2","gaze-adaptive","3","1","1","3","Fugl","13","0","12","Fugl","2025-04-24T13:00:48.244Z","12","wIyHNjR7Ir7mupkQj4aI"
"186.79.173.59","14","11","interactive","0","1","2","4","Høy nøyaktighet","45","2","12","Høy nøyaktighet","2025-04-24T13:01:33.115Z","15","DtwN8qrgEsXxOLV1g9Ij"
"186.79.173.59","16","13","interactive","0","1","2","5","Svært høy nøyaktighet","27","0","12","Svært høy nøyaktighet","2025-04-24T13:02:00.402Z","15","3aEmP21gGhOo2jzxXHJe"
"186.79.173.59","9","8","interactive","0","1","2","6","Liten bygning","21","0","12","Liten bygning","2025-04-24T13:02:22.225Z","16","JuLpaJu0MZoJ0avgjCcX"
"186.79.173.59","6","6","shopping-basket","2","1","3","7","Middels trafikkmengde","21","3","13","Middels trafikkmengde","2025-04-24T13:02:43.975Z","16","n0FnEueqREzileIeSYA2"
"186.79.173.59","8","5","shopping-basket","10","1","3","8","Mindre tiltak meldt","64","7","13","Mindre tiltak meldt","2025-04-24T13:03:49.553Z","15","Tde0X0yBCl0B6p0WSZek"
"186.79.173.59","4","3","shopping-basket","4","1","3","9","Mindre tiltak fullført","22","3","13","Mindre tiltak fullført","2025-04-24T13:04:11.468Z","15","QoEIr9xvbUCdMJ0JIHKb"
"46.15.44.237","4","4","shopping-basket","5","1","1","1","Karplanter","47","5","12","Karplanter","2025-05-06T06:10:32.005Z","14","QZNyQp1jQ8lRDbeifCct"
"46.15.44.237","2","2","shopping-basket","2","0","1","2","11-30 år","33","2","12","0-10 år","2025-05-06T06:11:05.267Z","15","NU6D9ZTH8dGhF7eVwsnA"
"46.15.44.237","1","1","shopping-basket","3","1","1","3","Fugl","36","3","12","Fugl","2025-05-06T06:11:41.674Z","13","Q4fBPC5vOnFbgRj21gCr"
"46.15.44.237","34","22","gaze-adaptive","34","0","2","4","Svært høy nøyaktighet","86","1","12","Høy nøyaktighet","2025-05-06T06:13:08.642Z","17","IjnA4TV3cPoXlqEN2wJM"
"46.15.44.237","10","8","gaze-adaptive","10","1","2","5","Svært høy nøyaktighet","29","0","12","Svært høy nøyaktighet","2025-05-06T06:13:37.435Z","18","tbYNfUIqdOV3vIjgDP8y"
"46.15.44.237","9","7","gaze-adaptive","9","1","2","6","Liten bygning","24","0","12","Liten bygning","2025-05-06T06:14:01.787Z","18","wjSKpd0LfumyYSJVruoT"
"46.15.44.237","25","23","interactive","0","1","3","7","Middels trafikkmengde","52","3","13","Middels trafikkmengde","2025-05-06T06:14:54.390Z","15","aSRzbKqA8c8e7VWbYS9E"
"46.15.44.237","15","12","interactive","0","1","3","8","Mindre tiltak meldt","55","5","13","Mindre tiltak meldt","2025-05-06T06:15:50.059Z","16","YRGwYFARjNoKAWCAEjQr"
"46.15.44.237","8","7","interactive","0","0","3","9","Mindre tiltak meldt","45","0","13","Mindre tiltak fullført","2025-05-06T06:16:35.210Z","18","0AD9sgDQgEuaN4A6UPSD"
"129.241.236.85","2","2","gaze-adaptive","2","1","1","1","Karplanter","22","0","12","Karplanter","2025-04-24T09:50:35.390Z","14","AU2MuhwErunKLOsu1TVR"
"129.241.236.85","0","0","gaze-adaptive","0","1","1","2","0-10 år","36","0","12","0-10 år","2025-04-24T09:51:11.850Z","12","cxoreKGUWwdjm4a53Lpr"
"129.241.236.85","6","4","gaze-adaptive","6","1","1","3","Fugl","37","0","12","Fugl","2025-04-24T09:51:48.597Z","12","sjqZCCgvtqXrOOLhscFM"
"129.241.236.85","13","13","shopping-basket","3","1","2","4","Høy nøyaktighet","43","5","12","Høy nøyaktighet","2025-04-24T09:52:31.532Z","16","mMJKkztqJ7xq0JjH5M4q"
"129.241.236.85","5","3","shopping-basket","4","1","2","5","Svært høy nøyaktighet","34","8","12","Svært høy nøyaktighet","2025-04-24T09:53:05.471Z","17","jwZ95mQKCXiI3CPFoRw0"
"129.241.236.85","6","4","shopping-basket","2","1","2","6","Liten bygning","16","3","12","Liten bygning","2025-04-24T09:53:21.989Z","17","nA9WtUEiY4Z4bP4DFPHp"
"129.241.236.85","3","3","interactive","0","1","3","7","Middels trafikkmengde","20","2","13","Middels trafikkmengde","2025-04-24T09:53:41.683Z","14","bM7pQF4SfS27mceG5ZI7"
"129.241.236.85","5","3","interactive","0","1","3","8","Mindre tiltak meldt","21","0","13","Mindre tiltak meldt","2025-04-24T09:54:02.750Z","17","8Z1l4JVwclmqNsYkfYEf"
"129.241.236.85","4","4","interactive","0","1","3","9","Mindre tiltak fullført","20","1","13","Mindre tiltak fullført","2025-04-24T09:54:23.168Z","17","Cfw4Fe1kFEVb1u0UeBRs"
"109.74.178.138","16","7","gaze-adaptive","18","1","1","1","Karplanter","49","2","12","Karplanter","2025-04-29T09:13:06.561Z","14","4rKBELBso7utklslmAla"
"109.74.178.138","14","10","gaze-adaptive","14","0","1","2","11-30 år","32","0","12","0-10 år","2025-04-29T09:13:38.392Z","14","ARD22P2BhK8YFDtMRjl9"
"109.74.178.138","12","8","gaze-adaptive","12","1","1","3","Fugl","23","0","12","Fugl","2025-04-29T09:14:01.552Z","12","LgY9MxpTUQz29vwoZvtZ"
"109.74.178.138","37","20","interactive","0","1","2","4","Høy nøyaktighet","73","3","12","Høy nøyaktighet","2025-04-29T09:15:14.695Z","16","w9bzYHM90KbtdeWpdmA2"
"109.74.178.138","11","5","interactive","0","1","2","5","Svært høy nøyaktighet","39","0","12","Svært høy nøyaktighet","2025-04-29T09:15:53.647Z","16","1ysjTKlIh3nCoLhP8TJN"
"109.74.178.138","5","3","interactive","0","1","2","6","Liten bygning","19","0","12","Liten bygning","2025-04-29T09:16:12.432Z","15","6fe9VSIdgqDo27K7UxA1"
"109.74.178.138","4","2","shopping-basket","6","1","3","7","Middels trafikkmengde","25","6","13","Middels trafikkmengde","2025-04-29T09:16:37.458Z","16","EyrbWTiJd5SXJ6nRzKd8"
"109.74.178.138","10","5","shopping-basket","5","1","3","8","Mindre tiltak meldt","66","6","13","Mindre tiltak meldt","2025-04-29T09:17:43.554Z","16","fv6uS8ioRXXvnS4ewu2o"
"109.74.178.138","15","5","shopping-basket","13","1","3","9","Mindre tiltak fullført","66","10","13","Mindre tiltak fullført","2025-04-29T09:18:49.895Z","17","q2x12o2quly0FtDuKa5y"
"151.81.139.111","12","10","interactive","0","1","1","1","Karplanter","63","0","12","Karplanter","2025-04-24T13:37:47.568Z","16","v7OQPTWHMVE2SfsqSvlb"
"151.81.139.111","11","5","interactive","0","1","1","2","0-10 år","42","0","12","0-10 år","2025-04-24T13:38:29.474Z","14","VYdVyrt4X9HFv7SwnUkg"
"151.81.139.111","2","1","interactive","0","1","1","3","Fugl","19","0","12","Fugl","2025-04-24T13:38:48.590Z","12","OQsZ4qIxodGfhE2gvFFi"
"151.81.139.111","35","26","shopping-basket","15","1","2","4","Høy nøyaktighet","151","104","12","Høy nøyaktighet","2025-04-24T13:41:19.462Z","17","ibG2mswDux1DL0A9sW4o"
"151.81.139.111","7","4","shopping-basket","8","1","2","5","Svært høy nøyaktighet","38","14","12","Svært høy nøyaktighet","2025-04-24T13:41:57.933Z","17","JRsolZ22H54IHy4o5iQC"
"151.81.139.111","4","2","shopping-basket","7","1","2","6","Liten bygning","35","5","12","Liten bygning","2025-04-24T13:42:33.086Z","15","wDdJYRZC6Ad4snhaYh6e"
"151.81.139.111","7","6","gaze-adaptive","8","1","3","7","Middels trafikkmengde","23","2","13","Middels trafikkmengde","2025-04-24T13:42:56.019Z","22","sD6aoOXcjMvGRaRbA767"
"151.81.139.111","24","15","gaze-adaptive","24","1","3","8","Mindre tiltak meldt","52","2","13","Mindre tiltak meldt","2025-04-24T13:43:47.790Z","21","6wWuAojSjjPBNj518U6u"
"151.81.139.111","7","3","gaze-adaptive","7","1","3","9","Mindre tiltak fullført","27","0","13","Mindre tiltak fullført","2025-04-24T13:44:14.864Z","19","vsqbRBY4rpAX6ci33KBS"
"81.167.240.7","5","5","shopping-basket","5","1","1","1","Karplanter","79","5","12","Karplanter","2025-04-24T11:24:03.533Z","13","DdvH517rh1PqvNv8iMPL"
"81.167.240.7","3","3","shopping-basket","4","0","1","2","11-30 år","38","4","12","0-10 år","2025-04-24T11:24:41.970Z","15","ZnKrICqpOmf5NHjlNuNL"
"81.167.240.7","2","2","shopping-basket","3","1","1","3","Fugl","52","4","12","Fugl","2025-04-24T11:25:34.263Z","13","MP5GOgNheOMx0qV9hzno"
"81.167.240.7","46","42","gaze-adaptive","46","1","2","4","Høy nøyaktighet","257","3","12","Høy nøyaktighet","2025-04-24T11:29:51.872Z","19","wfRvG9xR5S6jXt5vkFh4"
"81.167.240.7","11","9","gaze-adaptive","11","1","2","5","Svært høy nøyaktighet","35","1","12","Svært høy nøyaktighet","2025-04-24T11:30:27.250Z","14","kkPHVfDZHnfh9bYLod3Y"
"81.167.240.7","4","3","gaze-adaptive","4","1","2","6","Liten bygning","86","1","12","Liten bygning","2025-04-24T11:31:53.250Z","17","oAgU0jAg91F3ZuX8dGGb"
"81.167.240.7","10","9","interactive","0","1","3","7","Middels trafikkmengde","39","0","13","Middels trafikkmengde","2025-04-24T11:32:32.342Z","14","Ybz3ONaWZMvPxjSXz4ai"
"81.167.240.7","12","11","interactive","0","1","3","8","Mindre tiltak meldt","115","3","13","Mindre tiltak meldt","2025-04-24T11:34:28.152Z","16","sNWnZzHsDveHF4Cr1x2D"
"81.167.240.7","4","4","interactive","0","0","3","9","Midlertidig tatt i bruk","24","2","13","Mindre tiltak fullført","2025-04-24T11:34:52.568Z","17","4iRLAN1zjx5ftKfWBxgU"
"129.241.236.59","3","1","interactive","0","1","1","1","Karplanter","26","1","12","Karplanter","2025-04-24T06:53:49.122Z","14","KBBi4wlOD2VMk6JLKDpK"
"129.241.236.59","21","11","interactive","0","1","1","2","0-10 år","39","2","12","0-10 år","2025-04-24T06:54:28.409Z","13","oikl6vu8BI542jDxOHOI"
"129.241.236.59","3","2","interactive","0","1","1","3","Fugl","11","0","12","Fugl","2025-04-24T06:54:39.594Z","14","xfRepToX0vzdPHus21GP"
"129.241.236.59","106","42","shopping-basket","28","0","2","4","Svært høy nøyaktighet","201","23","12","Høy nøyaktighet","2025-04-24T06:58:01.287Z","15","DdpxATb3PTR2xGXZbxcM"
"129.241.236.59","5","2","shopping-basket","6","1","2","5","Svært høy nøyaktighet","18","4","12","Svært høy nøyaktighet","2025-04-24T06:58:19.063Z","17","Koq4xqJBtWIMUgrKdWtO"
"129.241.236.59","2","1","shopping-basket","1","1","2","6","Liten bygning","10","1","12","Liten bygning","2025-04-24T06:58:29.475Z","16","NUYlKitmJTkhSjDjHyY8"
"129.241.236.59","3","2","gaze-adaptive","3","1","3","7","Middels trafikkmengde","16","1","13","Middels trafikkmengde","2025-04-24T06:58:45.471Z","15","bmitLjqsjvtriT8i0gNn"
"129.241.236.59","24","13","gaze-adaptive","24","1","3","8","Mindre tiltak meldt","43","1","13","Mindre tiltak meldt","2025-04-24T06:59:28.226Z","16","T0SsGObopLyQfRm8gkP7"
"129.241.236.59","4","2","gaze-adaptive","4","1","3","9","Mindre tiltak fullført","20","0","13","Mindre tiltak fullført","2025-04-24T06:59:48.163Z","16","2P31xNbVpHkrQnDRopJI"
"84.16.219.44","6","6","gaze-adaptive","6","1","1","1","Karplanter","17","0","12","Karplanter","2025-05-06T16:58:41.328Z","14","BRf4mOjfmM5YxXezmEPJ"
"84.16.219.44","3","3","gaze-adaptive","3","0","1","2","11-30 år","17","0","12","0-10 år","2025-05-06T16:58:58.657Z","13","famT16LR8dNuxph5kdDJ"
"84.16.219.44","0","0","gaze-adaptive","0","1","1","3","Fugl","17","0","12","Fugl","2025-05-06T16:59:15.576Z","12","572iseQXxyu9jxjKwXTh"
"84.16.219.44","10","10","shopping-basket","1","0","2","4","Svært lav nøyaktighet","63","8","12","Høy nøyaktighet","2025-05-06T17:00:19.155Z","13","xpUAia05I6JsvMBiw2ZT"
"84.16.219.44","3","3","shopping-basket","0","0","2","5","Middels nøyaktighet","15","0","12","Svært høy nøyaktighet","2025-05-06T17:00:34.581Z","13","8DezVfTe91GBhJxkJ762"
"84.16.219.44","6","5","shopping-basket","0","1","2","6","Liten bygning","20","0","12","Liten bygning","2025-05-06T17:00:54.778Z","15","5ZNWowhLqiHV8Wtl6sFV"
"84.16.219.44","10","10","interactive","0","1","3","7","Middels trafikkmengde","27","0","13","Middels trafikkmengde","2025-05-06T17:01:21.505Z","15","gQq1D9koVGoO2PZefpd9"
"84.16.219.44","5","5","interactive","0","0","3","8","Under bygging","30","0","13","Mindre tiltak meldt","2025-05-06T17:01:51.298Z","16","pE8xbEwRFhWp5jNgAqu5"
"84.16.219.44","3","3","interactive","0","0","3","9","Midlertidig tatt i bruk","16","0","13","Mindre tiltak fullført","2025-05-06T17:02:07.857Z","17","34mF7oQCVRX7jrOKgpXe"
"188.113.113.215","3","3","shopping-basket","7","1","1","1","Karplanter","64","22","12","Karplanter","2025-04-24T13:35:17.308Z","14","LzeVfe5nvikp29KkApRs"
"188.113.113.215","5","4","shopping-basket","3","1","1","2","0-10 år","26","4","12","0-10 år","2025-04-24T13:35:43.065Z","15","hzqb0KhqTgLtXwJq23Jr"
"188.113.113.215","5","4","shopping-basket","6","1","1","3","Fugl","41","11","12","Fugl","2025-04-24T13:36:24.575Z","13","DJlr20RgyvGIXIPMV6g2"
"188.113.113.215","16","10","interactive","0","0","2","4","Svært høy nøyaktighet","54","6","12","Høy nøyaktighet","2025-04-24T13:37:18.441Z","16","MFdY3YZqFLMFmLLyK6x0"
"188.113.113.215","5","3","interactive","0","1","2","5","Svært høy nøyaktighet","14","0","12","Svært høy nøyaktighet","2025-04-24T13:37:33.065Z","16","OnD1NALwWzFA8TcYbiWj"
"188.113.113.215","22","18","interactive","0","0","2","6","Veldig liten bygning","48","9","12","Liten bygning","2025-04-24T13:38:21.697Z","16","i8aJW40W2b9MA028NY44"
"188.113.113.215","9","7","gaze-adaptive","6","1","3","7","Middels trafikkmengde","30","1","13","Middels trafikkmengde","2025-04-24T13:38:51.805Z","15","KHV1qDQyh7XQ2cYRoije"
"188.113.113.215","6","5","gaze-adaptive","6","1","3","8","Mindre tiltak meldt","34","1","13","Mindre tiltak meldt","2025-04-24T13:39:25.602Z","14","Z1TL8V0eUUicF7UTAhvu"
"188.113.113.215","3","3","gaze-adaptive","3","1","3","9","Mindre tiltak fullført","26","0","13","Mindre tiltak fullført","2025-04-24T13:39:52.015Z","17","ha5iSPOzA3tYs8Vknpr2"
"129.241.236.3","0","0","gaze-adaptive","0","1","1","1","Karplanter","21","0","12","Karplanter","2025-04-25T14:33:16.542Z","12","yHecZZNWs2YUNlcLcX4m"
"129.241.236.3","0","0","gaze-adaptive","0","1","1","2","0-10 år","35","0","12","0-10 år","2025-04-25T14:33:51.214Z","12","M1uhAG5Yf0fdtJ8xsTji"
"129.241.236.3","0","0","gaze-adaptive","0","1","1","3","Fugl","24","0","12","Fugl","2025-04-25T14:34:15.386Z","12","3zJaPVuiC94RtASwY7uE"
"129.241.236.3","0","0","interactive","0","1","2","4","Høy nøyaktighet","36","0","12","Høy nøyaktighet","2025-04-25T14:34:51.368Z","12","PCUMhKj1F6KqIQXUNTeU"
"129.241.236.3","6","2","interactive","0","0","2","5","Svært lav nøyaktighet","44","5","12","Svært høy nøyaktighet","2025-04-25T14:35:35.474Z","14","MImhfsg8bcVoJHqh2EmD"
"129.241.236.3","4","2","interactive","0","1","2","6","Liten bygning","17","0","12","Liten bygning","2025-04-25T14:35:52.554Z","14","vVQOhNBzYgWHNFdXS3Xh"
"129.241.236.3","3","2","shopping-basket","1","1","3","7","Middels trafikkmengde","16","1","13","Middels trafikkmengde","2025-04-25T14:36:08.715Z","14","3WzMtSmo2TvEdR8A80Kw"
"129.241.236.3","5","3","shopping-basket","10","1","3","8","Mindre tiltak meldt","115","19","13","Mindre tiltak meldt","2025-04-25T14:38:04.552Z","16","y2BPuxabgYbeKKbj2WhA"
"129.241.236.3","9","7","shopping-basket","7","0","3","9","Mindre tiltak meldt","164","11","13","Mindre tiltak fullført","2025-04-25T14:40:48.904Z","16","eIQwwSD2daKKMkLLMdny"
"62.97.234.194","8","7","gaze-adaptive","8","1","1","1","Karplanter","53","0","12","Karplanter","2025-05-14T10:46:01.614Z","14","bVXNTu80556NweQXmXm5"
"62.97.234.194","5","3","gaze-adaptive","5","1","1","2","0-10 år","35","0","12","0-10 år","2025-05-14T10:46:36.925Z","15","8dEXGutM3yfouN48Pey1"
"62.97.234.194","7","7","gaze-adaptive","7","1","1","3","Fugl","51","0","12","Fugl","2025-05-14T10:47:28.095Z","12","s7RhmbsPchy6Qj1QVbXv"
"62.97.234.194","90","69","shopping-basket","9","0","2","4","Svært høy nøyaktighet","198","16","12","Høy nøyaktighet","2025-05-14T10:50:46.423Z","18","79RPxBzuDm8Ov7RLnenT"
"62.97.234.194","13","11","shopping-basket","4","1","2","5","Svært høy nøyaktighet","50","7","12","Svært høy nøyaktighet","2025-05-14T10:51:36.191Z","16","gvgsCoT43gAG5eoBKW79"
"62.97.234.194","21","20","shopping-basket","2","1","2","6","Liten bygning","60","5","12","Liten bygning","2025-05-14T10:52:36.795Z","17","RJE6n6h9GsE23yiYsABS"
"62.97.234.194","7","6","interactive","0","1","3","7","Middels trafikkmengde","34","1","13","Middels trafikkmengde","2025-05-14T10:53:10.699Z","15","mNKPEtJhbtjz8etIjyJH"
"62.97.234.194","5","4","interactive","0","1","3","8","Mindre tiltak meldt","45","1","13","Mindre tiltak meldt","2025-05-14T10:53:55.777Z","16","J8db83Fe37N0LO885Jpu"
"62.97.234.194","8","6","interactive","0","0","3","9","Midlertidig tatt i bruk","51","0","13","Mindre tiltak fullført","2025-05-14T10:54:47.035Z","18","bLso7d3vQMFA5uMXcVjs"
"178.164.42.170","11","11","shopping-basket","5","1","1","1","Karplanter","40","5","12","Karplanter","2025-04-25T07:44:44.262Z","13","ncOMsf5A2aeGaJJzh5LD"
"178.164.42.170","7","7","shopping-basket","5","1","1","2","0-10 år","34","8","12","0-10 år","2025-04-25T07:45:18.173Z","14","hV1LkRPXKsDbEICh7BQ5"
"178.164.42.170","5","5","shopping-basket","2","1","1","3","Fugl","15","3","12","Fugl","2025-04-25T07:45:33.771Z","12","rSHdfs0Feb81ovCBJVty"
"178.164.42.170","36","36","interactive","0","1","2","4","Høy nøyaktighet","69","1","12","Høy nøyaktighet","2025-04-25T07:46:42.583Z","15","C8RuJybRnwpFqcB7ddnW"
"178.164.42.170","11","11","interactive","0","0","2","5","Svært lav nøyaktighet","32","0","12","Svært høy nøyaktighet","2025-04-25T07:47:14.229Z","16","4w6CI6PcjFqbGbimE5fS"
"178.164.42.170","20","20","interactive","0","1","2","6","Liten bygning","28","0","12","Liten bygning","2025-04-25T07:47:42.567Z","15","NmDCvyZ60Id7VBtcr0J2"
"178.164.42.170","8","8","gaze-adaptive","8","1","3","7","Middels trafikkmengde","20","0","13","Middels trafikkmengde","2025-04-25T07:48:02.229Z","16","rWrRFlfePPKOyMuMfedW"
"178.164.42.170","16","16","gaze-adaptive","16","1","3","8","Mindre tiltak meldt","38","0","13","Mindre tiltak meldt","2025-04-25T07:48:40.434Z","18","oRrgDk6DBcNbgkv17jl5"
"178.164.42.170","7","7","gaze-adaptive","7","1","3","9","Mindre tiltak fullført","26","0","13","Mindre tiltak fullført","2025-04-25T07:49:06.421Z","18","lY4nZrchxlnWv4e3KR5I"
"129.241.236.166","3","2","shopping-basket","5","0","1","1","Krepsdyr","38","6","12","Karplanter","2025-04-30T13:57:08.849Z","15","IHkbUJlMHEHrrLFUbt6M"
"129.241.236.166","12","8","shopping-basket","4","1","1","2","0-10 år","27","5","12","0-10 år","2025-04-30T13:57:36.299Z","15","A7xgrYc6WWelCmXK7wPL"
"129.241.236.166","24","15","shopping-basket","6","1","1","3","Fugl","41","6","12","Fugl","2025-04-30T13:58:17.605Z","11","Lk8GNQfFuAQeF14crRkb"
"129.241.236.166","50","38","gaze-adaptive","50","1","2","4","Høy nøyaktighet","69","1","12","Høy nøyaktighet","2025-04-30T13:59:26.932Z","18","nzLACmQQCWxI233vARD3"
"129.241.236.166","17","11","gaze-adaptive","17","1","2","5","Svært høy nøyaktighet","36","0","12","Svært høy nøyaktighet","2025-04-30T14:00:02.629Z","16","8ZfgKnnIELg3F5TJjd6W"
"129.241.236.166","5","4","gaze-adaptive","5","1","2","6","Liten bygning","20","0","12","Liten bygning","2025-04-30T14:00:23.207Z","16","297t2w66GLyxLrF5hKGt"
"129.241.236.166","20","19","interactive","0","1","3","7","Middels trafikkmengde","33","1","13","Middels trafikkmengde","2025-04-30T14:00:56.420Z","14","D6ohhY4cbW76GFlu4Klp"
"129.241.236.166","7","5","interactive","0","1","3","8","Mindre tiltak meldt","21","0","13","Mindre tiltak meldt","2025-04-30T14:01:17.051Z","15","3xxt39B3yjYQqhJICnNR"
"129.241.236.166","8","6","interactive","0","1","3","9","Mindre tiltak fullført","24","2","13","Mindre tiltak fullført","2025-04-30T14:01:41.655Z","17","YRKak6UzddLU6dEsJYiM"
"94.255.240.119","4","4","gaze-adaptive","4","1","1","1","Karplanter","47","0","12","Karplanter","2025-04-25T12:57:49.728Z","14","TwCa0nabavw8TXxwKK71"
"94.255.240.119","8","7","gaze-adaptive","8","1","1","2","0-10 år","27","0","12","0-10 år","2025-04-25T12:58:17.284Z","13","DbUl0M2QY3PZLaSznTeB"
"94.255.240.119","24","22","gaze-adaptive","24","1","1","3","Fugl","43","3","12","Fugl","2025-04-25T12:59:00.201Z","12","FzA0TL2IPnr5utB3fGHy"
"94.255.240.119","35","31","shopping-basket","5","0","2","4","Svært høy nøyaktighet","76","5","12","Høy nøyaktighet","2025-04-25T13:00:17.090Z","15","7PPjsXPK0ohcFu23LKIz"
"94.255.240.119","17","12","shopping-basket","8","0","2","5","Høy nøyaktighet","41","6","12","Svært høy nøyaktighet","2025-04-25T13:00:58.587Z","16","IWiPRoW1gnp8ZcpdVLkc"
"94.255.240.119","10","8","shopping-basket","2","1","2","6","Liten bygning","20","3","12","Liten bygning","2025-04-25T13:01:18.380Z","17","SG1nsXgQJTzzCR3sdRGK"
"94.255.240.119","12","9","interactive","0","1","3","7","Middels trafikkmengde","21","0","13","Middels trafikkmengde","2025-04-25T13:01:39.355Z","15","yCKpMjvTjMn6J3FvchBd"
"94.255.240.119","24","16","interactive","0","1","3","8","Mindre tiltak meldt","60","3","13","Mindre tiltak meldt","2025-04-25T13:02:39.091Z","17","PMBXgZ5RG2GjCMYDL6dh"
"94.255.240.119","14","10","interactive","0","1","3","9","Mindre tiltak fullført","35","0","13","Mindre tiltak fullført","2025-04-25T13:03:14.665Z","15","YprFFa2O4QUeuCw732OO"
"195.69.0.8","17","16","gaze-adaptive","17","1","1","1","Karplanter","80","1","12","Karplanter","2025-04-24T16:27:44.543Z","14","oAIyKS1ROGjLEAeJusVm"
"195.69.0.8","18","16","gaze-adaptive","18","1","1","2","0-10 år","47","1","12","0-10 år","2025-04-24T16:28:32.079Z","14","h4jAGsVv2ujy2V1926D2"
"195.69.0.8","4","3","gaze-adaptive","4","1","1","3","Fugl","30","0","12","Fugl","2025-04-24T16:29:02.505Z","13","PBCBVQmuVSOvg0f3ADPw"
"195.69.0.8","24","22","interactive","0","1","2","4","Høy nøyaktighet","90","0","12","Høy nøyaktighet","2025-04-24T16:30:33.156Z","14","AcZpv6jzdywCWG9TrfUn"
"195.69.0.8","7","5","interactive","0","1","2","5","Svært høy nøyaktighet","33","0","12","Svært høy nøyaktighet","2025-04-24T16:31:05.982Z","15","mOFCpuL1w8BLTOcocL6W"
"195.69.0.8","3","2","interactive","0","1","2","6","Liten bygning","23","0","12","Liten bygning","2025-04-24T16:31:28.951Z","15","tE96evMJ67VyLyszXr9R"
"195.69.0.8","2","1","shopping-basket","1","1","3","7","Middels trafikkmengde","19","1","13","Middels trafikkmengde","2025-04-24T16:31:48.519Z","14","VV3LZ8IeHY41dpFbaJIK"
"195.69.0.8","6","3","shopping-basket","8","1","3","8","Mindre tiltak meldt","45","8","13","Mindre tiltak meldt","2025-04-24T16:32:33.250Z","15","TojbnmrQKhRKGHNDa5VG"
"195.69.0.8","5","3","shopping-basket","8","1","3","9","Mindre tiltak fullført","46","13","13","Mindre tiltak fullført","2025-04-24T16:33:19.490Z","15","5CrgkFqzlWVmXAv6sUyh"
"158.38.1.167","3","3","interactive","0","1","1","1","Karplanter","58","0","12","Karplanter","2025-05-06T07:13:58.969Z","13","xddfXVC6rQEiJDwoqnKV"
"158.38.1.167","4","4","interactive","0","1","1","2","0-10 år","32","0","12","0-10 år","2025-05-06T07:14:30.639Z","13","VahcQwM2cnhZM5NAiTXU"
"158.38.1.167","0","0","interactive","0","1","1","3","Fugl","22","0","12","Fugl","2025-05-06T07:14:52.748Z","12","NDnMo5aGoRALkcrEwbtT"
"158.38.1.167","7","7","gaze-adaptive","7","1","2","4","Høy nøyaktighet","43","0","12","Høy nøyaktighet","2025-05-06T07:15:36.044Z","15","uw7vhFJ2FiP0mTAl1aAQ"
"158.38.1.167","7","5","gaze-adaptive","7","0","2","5","Svært lav nøyaktighet","25","0","12","Svært høy nøyaktighet","2025-05-06T07:16:01.629Z","15","7iCkLFX2b5J6Xl5mXGoq"
"158.38.1.167","1","1","gaze-adaptive","1","1","2","6","Liten bygning","12","0","12","Liten bygning","2025-05-06T07:16:13.674Z","14","bkEsELvwsLyfVBMWxNnJ"
"158.38.1.167","4","4","shopping-basket","3","1","3","7","Middels trafikkmengde","46","14","13","Middels trafikkmengde","2025-05-06T07:16:59.433Z","14","2ZOJ4uXzIqslVXN7K6ii"
"158.38.1.167","4","3","shopping-basket","2","1","3","8","Mindre tiltak meldt","34","4","13","Mindre tiltak meldt","2025-05-06T07:17:33.260Z","16","pBuU11Tjl0uVM3TZ2aID"
"158.38.1.167","4","4","shopping-basket","5","1","3","9","Mindre tiltak fullført","27","5","13","Mindre tiltak fullført","2025-05-06T07:18:00.572Z","15","0pQcClX7m2BkGUvx8cyM"
"178.164.115.244","0","0","interactive","0","1","1","1","Karplanter","31","0","12","Karplanter","2025-04-28T12:11:29.936Z","12","LywS0wGlvEXtuGQb5Xzw"
"178.164.115.244","6","5","interactive","0","1","1","2","0-10 år","50","1","12","0-10 år","2025-04-28T12:12:19.790Z","13","2mLGX67uBmyBEkmHwIUS"
"178.164.115.244","5","4","interactive","0","1","1","3","Fugl","18","0","12","Fugl","2025-04-28T12:12:38.300Z","12","YBNgeX1hL2K2v1E3bgu1"
"178.164.115.244","17","13","gaze-adaptive","17","1","2","4","Høy nøyaktighet","47","0","12","Høy nøyaktighet","2025-04-28T12:13:25.510Z","17","KRZjbeLQw6Sw7fXXLcIO"
"178.164.115.244","24","20","gaze-adaptive","24","0","2","5","Svært lav nøyaktighet","36","0","12","Svært høy nøyaktighet","2025-04-28T12:14:01.745Z","16","2WMXH2JxgiQauq1aMUQa"
"178.164.115.244","6","5","gaze-adaptive","6","1","2","6","Liten bygning","16","0","12","Liten bygning","2025-04-28T12:14:17.828Z","14","CBhrkijqgfWGPVIwbBfw"
"178.164.115.244","6","6","shopping-basket","1","1","3","7","Middels trafikkmengde","24","4","13","Middels trafikkmengde","2025-04-28T12:14:41.632Z","15","SDAvCPwJaMPxiwg77fp4"
"178.164.115.244","25","13","shopping-basket","12","1","3","8","Mindre tiltak meldt","96","22","13","Mindre tiltak meldt","2025-04-28T12:16:18.452Z","16","ltUdwuYzhataFuJmumVe"
"178.164.115.244","13","6","shopping-basket","23","1","3","9","Mindre tiltak fullført","108","19","13","Mindre tiltak fullført","2025-04-28T12:18:07.197Z","15","md4mRJyFTFRh6OLcs1Fe"
"85.164.166.31","29","19","gaze-adaptive","29","1","1","1","Karplanter","106","4","12","Karplanter","2025-04-24T07:52:30.378Z","19","na17hFRntqqMLIvZQm0a"
"85.164.166.31","18","6","gaze-adaptive","18","1","1","2","0-10 år","47","0","12","0-10 år","2025-04-24T07:53:17.119Z","16","j8fP79w9TXULkmtuEJy1"
"85.164.166.31","21","12","gaze-adaptive","21","1","1","3","Fugl","40","0","12","Fugl","2025-04-24T07:53:57.259Z","12","IZeeiaH5lhTHyP45BUhN"
"85.164.166.31","38","25","interactive","0","1","2","4","Høy nøyaktighet","112","13","12","Høy nøyaktighet","2025-04-24T07:55:50.074Z","16","LGSQcxfTQxBCmefpyMqp"
"85.164.166.31","11","5","interactive","0","1","2","5","Svært høy nøyaktighet","51","0","12","Svært høy nøyaktighet","2025-04-24T07:56:40.900Z","17","tPid9tnioYeib7gcxtSt"
"85.164.166.31","13","6","interactive","0","1","2","6","Liten bygning","44","0","12","Liten bygning","2025-04-24T07:57:24.615Z","15","rGkZjCILvl64h2EiPpVU"
"85.164.166.31","9","4","shopping-basket","3","1","3","7","Middels trafikkmengde","43","7","13","Middels trafikkmengde","2025-04-24T07:58:08.228Z","16","0hUOzo02l3OIB18IeCC7"
"85.164.166.31","11","5","shopping-basket","18","1","3","8","Mindre tiltak meldt","78","11","13","Mindre tiltak meldt","2025-04-24T07:59:27.192Z","16","kKrZpBRNPliS6EOhht4g"
"85.164.166.31","32","17","shopping-basket","7","1","3","9","Mindre tiltak fullført","72","9","13","Mindre tiltak fullført","2025-04-24T08:00:40.113Z","16","CJHg2G9OCrqaGhYXMAAq"
"129.241.236.174","2","2","gaze-adaptive","2","1","1","1","Karplanter","49","0","12","Karplanter","2025-04-24T06:45:39.195Z","13","WVGuK9NiF9vNYm7AcaCn"
"129.241.236.174","5","5","gaze-adaptive","5","0","1","2","11-30 år","40","2","12","0-10 år","2025-04-24T06:46:19.003Z","14","5rPr5rS7uAcDexw5tqYV"
"129.241.236.174","3","1","gaze-adaptive","3","1","1","3","Fugl","29","0","12","Fugl","2025-04-24T06:46:47.945Z","12","9fvk5TanODRzBXY9OWZg"
"129.241.236.174","17","17","interactive","0","1","2","4","Høy nøyaktighet","57","0","12","Høy nøyaktighet","2025-04-24T06:47:45.101Z","15","oq2aLbj0sc6lKd6MVZRb"
"129.241.236.174","6","5","interactive","0","1","2","5","Svært høy nøyaktighet","37","0","12","Svært høy nøyaktighet","2025-04-24T06:48:22.469Z","15","VDvL560L1vsQoNlir2h9"
"129.241.236.174","7","6","interactive","0","0","2","6","Veldig liten bygning","49","0","12","Liten bygning","2025-04-24T06:49:11.943Z","14","rKqdg0olDtLN1qcKRiYj"
"129.241.236.174","2","2","shopping-basket","1","1","3","7","Middels trafikkmengde","16","1","13","Middels trafikkmengde","2025-04-24T06:49:28.261Z","14","9XeB03KGf1tIwCqDdQ5Z"
"129.241.236.174","8","5","shopping-basket","6","1","3","8","Mindre tiltak meldt","79","11","13","Mindre tiltak meldt","2025-04-24T06:50:47.358Z","15","zCt2SUkIweriFJcgemnN"
"129.241.236.174","17","15","shopping-basket","12","1","3","9","Mindre tiltak fullført","63","15","13","Mindre tiltak fullført","2025-04-24T06:51:50.475Z","15","kvfuPSHBdlQKqm2da2T1"
"82.147.43.156","2","2","interactive","0","1","1","1","Karplanter","36","1","12","Karplanter","2025-05-05T10:04:44.684Z","13","pBbmaJTCIUvHAuP1DbTJ"
"82.147.43.156","4","4","interactive","0","1","1","2","0-10 år","50","1","12","0-10 år","2025-05-05T10:05:34.935Z","13","uUxP0HHRCphr9IICnKK1"
"82.147.43.156","8","8","interactive","0","1","1","3","Fugl","66","0","12","Fugl","2025-05-05T10:06:40.954Z","13","JTjfGiSl9lnrqyUf4rmu"
"82.147.43.156","23","17","gaze-adaptive","23","1","2","4","Høy nøyaktighet","82","0","12","Høy nøyaktighet","2025-05-05T10:08:03.771Z","18","U24AvX3UcJ6V8Ua4IhZn"
"82.147.43.156","12","9","gaze-adaptive","12","0","2","5","Svært lav nøyaktighet","48","0","12","Svært høy nøyaktighet","2025-05-05T10:08:52.215Z","16","wVn6Y3BxoBRsFcoODaaD"
"82.147.43.156","1","1","gaze-adaptive","1","1","2","6","Liten bygning","16","0","12","Liten bygning","2025-05-05T10:09:08.009Z","16","KJHTl1dyskpZ547Qr3dz"
"82.147.43.156","6","6","shopping-basket","3","1","3","7","Middels trafikkmengde","61","17","13","Middels trafikkmengde","2025-05-05T10:10:09.115Z","19","gYphs8hc9jFWvg1s532a"
"82.147.43.156","9","8","shopping-basket","6","1","3","8","Mindre tiltak meldt","64","12","13","Mindre tiltak meldt","2025-05-05T10:11:13.255Z","16","zNxLC5n4zTrBLnz33Sb8"
"82.147.43.156","43","39","shopping-basket","23","1","3","9","Mindre tiltak fullført","260","68","13","Mindre tiltak fullført","2025-05-05T10:15:33.824Z","15","lwmKMgPoPzFz1I1KaW04"
"51.13.116.207","0","0","interactive","0","1","1","1","Karplanter","25","0","12","Karplanter","2025-05-05T09:39:03.285Z","12","Q4umyOQswXiZ7Rrtg8xk"
"51.13.116.207","0","0","interactive","0","0","1","2","11-30 år","27","0","12","0-10 år","2025-05-05T09:39:30.137Z","12","tve9qHZqJ0mGAY9o5JsN"
"51.13.116.207","0","0","interactive","0","1","1","3","Fugl","15","0","12","Fugl","2025-05-05T09:39:45.106Z","12","YHtCu7qY7F1FwwiFMyRx"
"51.13.116.207","0","0","shopping-basket","1","1","2","4","Høy nøyaktighet","30","3","12","Høy nøyaktighet","2025-05-05T09:40:15.131Z","12","McqmWhYAUDFNGketgNfI"
"51.13.116.207","4","3","shopping-basket","10","1","2","5","Svært høy nøyaktighet","49","10","12","Svært høy nøyaktighet","2025-05-05T09:41:04.557Z","14","BxhJ7PtjwlXFabIhW7De"
"51.13.116.207","5","3","shopping-basket","2","1","2","6","Liten bygning","20","3","12","Liten bygning","2025-05-05T09:41:24.997Z","15","HFLRMf1Brpho8YohSi7k"
"51.13.116.207","1","1","gaze-adaptive","1","1","3","7","Middels trafikkmengde","17","4","13","Middels trafikkmengde","2025-05-05T09:41:42.243Z","14","nd2cWBLvvNtYcELGqumk"
"51.13.116.207","6","5","gaze-adaptive","6","1","3","8","Mindre tiltak meldt","36","1","13","Mindre tiltak meldt","2025-05-05T09:42:18.623Z","17","MzwKiPeG6meecI7lKIgU"
"51.13.116.207","5","3","gaze-adaptive","5","0","3","9","Midlertidig tatt i bruk","41","5","13","Mindre tiltak fullført","2025-05-05T09:42:59.689Z","16","Dk3HYrMwED3g3X6sQa2L"
"146.2.243.175","4","4","gaze-adaptive","4","1","1","1","Karplanter","18","0","12","Karplanter","2025-05-06T08:53:02.495Z","13","EajYPnlB3EcWUXCb5elP"
"146.2.243.175","7","7","gaze-adaptive","7","1","1","2","0-10 år","21","0","12","0-10 år","2025-05-06T08:53:23.481Z","16","e8csfXssMlAK1gfI7rOa"
"146.2.243.175","5","4","gaze-adaptive","5","1","1","3","Fugl","15","0","12","Fugl","2025-05-06T08:53:38.516Z","15","hzaiCjX96EWIrFqJsvLn"
"146.2.243.175","28","18","interactive","0","1","2","4","Høy nøyaktighet","65","0","12","Høy nøyaktighet","2025-05-06T08:54:44.030Z","17","YYpUBoebHetkfzFnrCme"
"146.2.243.175","13","13","interactive","0","1","2","5","Svært høy nøyaktighet","26","0","12","Svært høy nøyaktighet","2025-05-06T08:55:10.463Z","17","toVL1x1DtQlf50fMGF7W"
"146.2.243.175","2","2","interactive","0","1","2","6","Liten bygning","14","0","12","Liten bygning","2025-05-06T08:55:24.180Z","16","Zukx87e4SbQibAZOOjjA"
"146.2.243.175","3","3","shopping-basket","1","1","3","7","Middels trafikkmengde","18","1","13","Middels trafikkmengde","2025-05-06T08:55:42.245Z","15","R0p8nsIkNW3SWqOGSrmR"
"146.2.243.175","7","7","shopping-basket","8","1","3","8","Mindre tiltak meldt","39","5","13","Mindre tiltak meldt","2025-05-06T08:56:21.472Z","18","9rEZSJMIa4AyrvKBs66n"
"146.2.243.175","9","9","shopping-basket","7","0","3","9","Midlertidig tatt i bruk","32","7","13","Mindre tiltak fullført","2025-05-06T08:56:53.604Z","17","VyVRFGtOHerSBT3PLlbp"
"193.161.216.4","8","8","gaze-adaptive","8","1","1","1","Karplanter","74","2","12","Karplanter","2025-05-13T13:04:26.813Z","15","xjpZCoA7xfNN2IuaSZd5"
"193.161.216.4","12","9","gaze-adaptive","12","1","1","2","0-10 år","41","0","12","0-10 år","2025-05-13T13:05:07.499Z","15","PdHycWeWmsGhBCbqYNAs"
"193.161.216.4","0","0","gaze-adaptive","0","1","1","3","Fugl","22","0","12","Fugl","2025-05-13T13:05:29.480Z","12","e7lAuKZgrd7S0QfrtuhZ"
"193.161.216.4","6","5","interactive","0","1","2","4","Høy nøyaktighet","57","1","12","Høy nøyaktighet","2025-05-13T13:06:27.089Z","15","EYnmcC83gCDhYtp38OdA"
"193.161.216.4","7","4","interactive","0","1","2","5","Svært høy nøyaktighet","28","0","12","Svært høy nøyaktighet","2025-05-13T13:06:55.001Z","16","56c4r5vMb0HZ1cw2zArZ"
"193.161.216.4","1","1","interactive","0","1","2","6","Liten bygning","16","0","12","Liten bygning","2025-05-13T13:07:11.237Z","16","VI4UWmhUowEwjvR8SVEF"
"193.161.216.4","4","4","shopping-basket","1","1","3","7","Middels trafikkmengde","17","1","13","Middels trafikkmengde","2025-05-13T13:07:28.043Z","15","917rVSDYWczHAEqQ7DnA"
"193.161.216.4","7","5","shopping-basket","3","1","3","8","Mindre tiltak meldt","39","5","13","Mindre tiltak meldt","2025-05-13T13:08:07.041Z","18","8YnCaxbUGgfuWEOWPgZv"
"193.161.216.4","3","3","shopping-basket","4","1","3","9","Mindre tiltak fullført","26","4","13","Mindre tiltak fullført","2025-05-13T13:08:33.241Z","17","VovufJ0Dl2CeLgCv3xgy"
"129.241.236.182","2","2","shopping-basket","10","1","1","1","Karplanter","50","8","12","Karplanter","2025-04-24T07:26:53.363Z","13","vNKTtDsHv8qIKB6hDpXQ"
"129.241.236.182","3","2","shopping-basket","2","0","1","2","11-30 år","31","3","12","0-10 år","2025-04-24T07:27:24.097Z","13","83IfsbRYqeVKk1kg1TbM"
"129.241.236.182","3","2","shopping-basket","2","1","1","3","Fugl","26","5","12","Fugl","2025-04-24T07:27:50.722Z","12","aCxqNBYyUTZODpBwbTmj"
"129.241.236.182","22","18","gaze-adaptive","22","1","2","4","Høy nøyaktighet","67","16","12","Høy nøyaktighet","2025-04-24T07:28:58.873Z","16","gPfza1xrSaIN0XFUkHgp"
"129.241.236.182","17","13","gaze-adaptive","17","1","2","5","Svært høy nøyaktighet","27","1","12","Svært høy nøyaktighet","2025-04-24T07:29:26.424Z","14","Lew0Bur2ligYXBxQwvRF"
"129.241.236.182","3","3","gaze-adaptive","3","1","2","6","Liten bygning","16","0","12","Liten bygning","2025-04-24T07:29:42.995Z","14","dmDy9f96KakhaJqvQm7c"
"129.241.236.182","22","19","interactive","0","1","3","7","Middels trafikkmengde","36","5","13","Middels trafikkmengde","2025-04-24T07:30:20.101Z","14","wgxhpcYqrjOKCXrGgoIo"
"129.241.236.182","3","2","interactive","0","1","3","8","Mindre tiltak meldt","24","0","13","Mindre tiltak meldt","2025-04-24T07:30:44.490Z","15","76wYqMyoQqThdvaZInwG"
"129.241.236.182","8","7","interactive","0","0","3","9","Mindre tiltak meldt","29","1","13","Mindre tiltak fullført","2025-04-24T07:31:13.818Z","16","0nGd7dCnesQchDZMqyjb"
"62.16.200.67","5","2","interactive","0","1","1","1","Karplanter","71","5","12","Karplanter","2025-04-26T09:58:29.049Z","14","H4iXKfTEgZqUL7yNXWBE"
"62.16.200.67","4","2","interactive","0","1","1","2","0-10 år","37","4","12","0-10 år","2025-04-26T09:59:05.723Z","14","n98kIo8KfciHnM37ETzM"
"62.16.200.67","10","5","interactive","0","1","1","3","Fugl","43","10","12","Fugl","2025-04-26T09:59:48.464Z","17","cwhHayGSDfz2ptAauiJ4"
"62.16.200.67","7","3","shopping-basket","6","0","2","4","Middels nøyaktighet","81","16","12","Høy nøyaktighet","2025-04-26T10:01:09.639Z","15","Th5lBgeEv4sAX6a8TQ2H"
"62.16.200.67","10","5","shopping-basket","6","1","2","5","Svært høy nøyaktighet","41","23","12","Svært høy nøyaktighet","2025-04-26T10:01:50.575Z","17","spTdtaNZOkHGtbSLfMhJ"
"62.16.200.67","5","3","shopping-basket","2","1","2","6","Liten bygning","17","10","12","Liten bygning","2025-04-26T10:02:07.599Z","15","MrP4kydIzNq8vDgnlrcR"
"62.16.200.67","4","2","gaze-adaptive","4","1","3","7","Middels trafikkmengde","26","4","13","Middels trafikkmengde","2025-04-26T10:02:34.182Z","15","tlfEh8HxClHNH31i1EmI"
"62.16.200.67","22","17","gaze-adaptive","22","1","3","8","Mindre tiltak meldt","50","19","13","Mindre tiltak meldt","2025-04-26T10:03:24.367Z","21","zyQeSJSIvz4TjSrzaLoP"
"62.16.200.67","10","6","gaze-adaptive","10","1","3","9","Mindre tiltak fullført","22","13","13","Mindre tiltak fullført","2025-04-26T10:03:46.732Z","19","Xysoac7txuMbMthPjCqC"
"129.241.236.209","1","1","shopping-basket","7","1","1","1","Karplanter","42","10","12","Karplanter","2025-04-28T12:08:45.882Z","13","g4ukhOj1nWYVynptDn4k"
"129.241.236.209","5","2","shopping-basket","5","1","1","2","0-10 år","23","7","12","0-10 år","2025-04-28T12:09:09.183Z","14","zCrrbGp0KgwAMGKuxCFM"
"129.241.236.209","3","0","shopping-basket","8","1","1","3","Fugl","32","8","12","Fugl","2025-04-28T12:09:40.900Z","12","KKaxFsP69ZvgQ3Khgycf"
"129.241.236.209","18","15","gaze-adaptive","18","1","2","4","Høy nøyaktighet","54","4","12","Høy nøyaktighet","2025-04-28T12:10:34.766Z","17","LvdGAyfuA3ETosFwIKkM"
"129.241.236.209","15","9","gaze-adaptive","15","1","2","5","Svært høy nøyaktighet","31","0","12","Svært høy nøyaktighet","2025-04-28T12:11:05.745Z","18","36ZVMdEIrmqLcODLLUoT"
"129.241.236.209","4","3","gaze-adaptive","4","1","2","6","Liten bygning","24","3","12","Liten bygning","2025-04-28T12:11:29.939Z","14","Mjune4GgnM7ETAYii7mZ"
"129.241.236.209","11","6","interactive","0","1","3","7","Middels trafikkmengde","28","1","13","Middels trafikkmengde","2025-04-28T12:11:57.724Z","13","EH4YdUlV0vDYQGWBYqBH"
"129.241.236.209","5","4","interactive","0","1","3","8","Mindre tiltak meldt","29","1","13","Mindre tiltak meldt","2025-04-28T12:12:26.413Z","15","9BoKvBgYkWYPnjKGSqJR"
"129.241.236.209","7","6","interactive","0","1","3","9","Mindre tiltak fullført","18","0","13","Mindre tiltak fullført","2025-04-28T12:12:44.444Z","16","SFcAO8otCCXUtrGc84SK"
"84.208.184.34","1","1","interactive","0","1","1","1","Karplanter","71","0","12","Karplanter","2025-04-24T15:08:41.646Z","13","ftMLvizR6r6WHgI2dzpv"
"84.208.184.34","1","1","interactive","0","1","1","2","0-10 år","71","0","12","0-10 år","2025-04-24T15:09:53.168Z","13","IoBgokhbElefjUmjluME"
"84.208.184.34","3","0","interactive","0","1","1","3","Fugl","85","0","12","Fugl","2025-04-24T15:11:18.702Z","12","U57rPh1kZF3aednl3C0F"
"84.208.184.34","3","2","gaze-adaptive","3","1","2","4","Høy nøyaktighet","64","0","12","Høy nøyaktighet","2025-04-24T15:12:23.346Z","14","d3KMxP7v29dgw1FEFMub"
"84.208.184.34","2","1","gaze-adaptive","2","0","2","5","Svært lav nøyaktighet","38","0","12","Svært høy nøyaktighet","2025-04-24T15:13:01.326Z","13","v2EVvjjbZ0BFj9VXIRF2"
"84.208.184.34","2","1","gaze-adaptive","2","1","2","6","Liten bygning","23","0","12","Liten bygning","2025-04-24T15:13:24.776Z","13","xLenAFENPgRO9OQTVBY6"
"84.208.184.34","2","1","shopping-basket","2","1","3","7","Middels trafikkmengde","35","3","13","Middels trafikkmengde","2025-04-24T15:13:59.583Z","14","gFwJCPIeQSy2mleYdUDH"
"84.208.184.34","3","2","shopping-basket","3","1","3","8","Mindre tiltak meldt","53","3","13","Mindre tiltak meldt","2025-04-24T15:14:52.210Z","15","spxtMfxotZoMlrdDjMDb"
"84.208.184.34","1","1","shopping-basket","6","1","3","9","Mindre tiltak fullført","46","8","13","Mindre tiltak fullført","2025-04-24T15:15:37.933Z","14","Rvzl9O6808HayHGcbrFK"
"84.209.87.154","0","0","shopping-basket","4","1","1","1","Karplanter","55","6","12","Karplanter","2025-04-25T13:16:17.597Z","12","Js3szWbo1WRo48SpGtpl"
"84.209.87.154","0","0","shopping-basket","1","0","1","2","11-30 år","9","1","12","0-10 år","2025-04-25T13:16:26.712Z","12","1t7UFborWGX4cXLtBld6"
"84.209.87.154","0","0","shopping-basket","3","1","1","3","Fugl","19","3","12","Fugl","2025-04-25T13:16:45.801Z","12","2WXdMT9knVGs5h6kVp3j"
"84.209.87.154","69","39","gaze-adaptive","69","0","2","4","Svært høy nøyaktighet","199","3","12","Høy nøyaktighet","2025-04-25T13:20:05.563Z","16","nFmT14cVsykWcW7hobEA"
"84.209.87.154","6","4","gaze-adaptive","6","1","2","5","Svært høy nøyaktighet","63","0","12","Svært høy nøyaktighet","2025-04-25T13:21:09.307Z","16","shDmLyfXFKnDOG0EibJ3"
"84.209.87.154","2","1","gaze-adaptive","2","1","2","6","Liten bygning","22","0","12","Liten bygning","2025-04-25T13:21:31.094Z","15","zkCSmHba8xjfiWXErw8S"
"84.209.87.154","2","2","interactive","0","1","3","7","Middels trafikkmengde","13","0","13","Middels trafikkmengde","2025-04-25T13:21:43.899Z","15","MqbTgZvxLbPfKXEHQTmO"
"84.209.87.154","2","1","interactive","0","1","3","8","Mindre tiltak meldt","40","3","13","Mindre tiltak meldt","2025-04-25T13:22:23.667Z","15","h4v6CUQqOAfy4VHie3K1"
"84.209.87.154","29","14","interactive","0","0","3","9","Midlertidig tatt i bruk","82","3","13","Mindre tiltak fullført","2025-04-25T13:23:46.255Z","14","gihToSq0ZZQo132v65Z6"
"87.248.12.202","2","2","shopping-basket","7","1","1","1","Karplanter","111","10","12","Karplanter","2025-05-06T11:29:43.973Z","14","hJiBLEHMcp3X69uY1Wiv"
"87.248.12.202","6","5","shopping-basket","3","0","1","2","11-30 år","48","9","12","0-10 år","2025-05-06T11:30:31.631Z","15","fNAIZYwX0BKT7SLJpEf7"
"87.248.12.202","6","5","shopping-basket","4","1","1","3","Fugl","48","10","12","Fugl","2025-05-06T11:31:20.243Z","13","aZPEqxPm27AmTunjtjfB"
"87.248.12.202","15","14","interactive","0","0","2","4","Svært høy nøyaktighet","51","2","12","Høy nøyaktighet","2025-05-06T11:32:11.601Z","16","qiZ8KiPSG4EYmHbADXut"
"87.248.12.202","8","6","interactive","0","1","2","5","Svært høy nøyaktighet","36","1","12","Svært høy nøyaktighet","2025-05-06T11:32:48.013Z","16","LeIiINHbkYyc3ffFjOCS"
"87.248.12.202","2","1","interactive","0","1","2","6","Liten bygning","19","0","12","Liten bygning","2025-05-06T11:33:06.754Z","15","rhfe3z3eIyx6k0aI1pdm"
"87.248.12.202","7","7","gaze-adaptive","7","1","3","7","Middels trafikkmengde","20","0","13","Middels trafikkmengde","2025-05-06T11:33:27.355Z","16","ftJBmgSZ2LJvYsJi28bM"
"87.248.12.202","8","7","gaze-adaptive","8","1","3","8","Mindre tiltak meldt","34","0","13","Mindre tiltak meldt","2025-05-06T11:34:01.888Z","18","e858NabKYo9bHErlgvbD"
"87.248.12.202","6","6","gaze-adaptive","6","1","3","9","Mindre tiltak fullført","22","0","13","Mindre tiltak fullført","2025-05-06T11:34:23.765Z","18","HlmYcpVhJfPCOz5Nx5o3"
"59.22.77.217","3","2","interactive","0","1","1","1","Karplanter","47","7","12","Karplanter","2025-05-04T15:15:59.434Z","14","k6DBTqnn0PZ5wDRTgKfI"
"59.22.77.217","2","2","interactive","0","1","1","2","0-10 år","17","0","12","0-10 år","2025-05-04T15:16:17.680Z","14","Fd6pT2JmNQpD8mYl52F4"
"59.22.77.217","11","4","interactive","0","1","1","3","Fugl","45","0","12","Fugl","2025-05-04T15:17:03.470Z","12","Gv20KdXewYS3HwMgAgbt"
"59.22.77.217","30","16","shopping-basket","10","1","2","4","Høy nøyaktighet","101","35","12","Høy nøyaktighet","2025-05-04T15:18:47.176Z","15","1rMl7vWhSbha1ZpQtPPb"
"59.22.77.217","7","4","shopping-basket","5","1","2","5","Svært høy nøyaktighet","32","7","12","Svært høy nøyaktighet","2025-05-04T15:19:19.807Z","15","IRT9BHzOozTQJ6px9BJc"
"59.22.77.217","3","2","shopping-basket","2","1","2","6","Liten bygning","15","2","12","Liten bygning","2025-05-04T15:19:34.806Z","14","cL92Jyt87UDJjUY95tX5"
"59.22.77.217","4","3","gaze-adaptive","4","0","3","7","Høy trafikkmengde","15","1","13","Middels trafikkmengde","2025-05-04T15:19:51.088Z","14","KKGBYG8iq0zzPZNTqVIM"
"59.22.77.217","3","1","gaze-adaptive","3","1","3","8","Mindre tiltak meldt","37","2","13","Mindre tiltak meldt","2025-05-04T15:20:28.390Z","14","9ldTZBwF40n9IjyHLCPm"
"59.22.77.217","12","9","gaze-adaptive","12","0","3","9","Midlertidig tatt i bruk","47","1","13","Mindre tiltak fullført","2025-05-04T15:21:16.889Z","20","aQ9vjH2i8ApoeIn94Ixe"
"84.202.66.130","4","4","shopping-basket","4","1","1","1","Karplanter","32","5","12","Karplanter","2025-04-24T08:55:09.769Z","14","iHONLwdEXmOuSNUxH5xX"
"84.202.66.130","11","11","shopping-basket","2","0","1","2","11-30 år","27","9","12","0-10 år","2025-04-24T08:55:37.252Z","14","NcrRjba5hcPCbvJDQx4V"
"84.202.66.130","5","1","shopping-basket","7","1","1","3","Fugl","35","16","12","Fugl","2025-04-24T08:56:12.370Z","12","yNVb29JftlIwMQViJlKO"
"84.202.66.130","23","19","interactive","0","1","2","4","Høy nøyaktighet","50","8","12","Høy nøyaktighet","2025-04-24T08:57:02.137Z","14","yvZ6XvvVpuKqsoifV67I"
"84.202.66.130","7","4","interactive","0","1","2","5","Svært høy nøyaktighet","19","0","12","Svært høy nøyaktighet","2025-04-24T08:57:21.462Z","16","xF5SStoBWv3YhPf561Q5"
"84.202.66.130","8","6","interactive","0","1","2","6","Liten bygning","15","0","12","Liten bygning","2025-04-24T08:57:36.649Z","14","brQp4xXD0qh11rZenF0E"
"84.202.66.130","5","2","gaze-adaptive","5","1","3","7","Middels trafikkmengde","13","0","13","Middels trafikkmengde","2025-04-24T08:57:50.060Z","15","GnuqPNlleMwLkmSgH7wT"
"84.202.66.130","11","8","gaze-adaptive","11","1","3","8","Mindre tiltak meldt","29","0","13","Mindre tiltak meldt","2025-04-24T08:58:19.673Z","17","8wcVfSaB0E3qD8Rvij9T"
"84.202.66.130","10","8","gaze-adaptive","10","1","3","9","Mindre tiltak fullført","36","2","13","Mindre tiltak fullført","2025-04-24T08:58:55.390Z","17","O7dT7vzXI4n4pfIyBrBr"
"128.94.20.113","0","0","shopping-basket","0","0","1","1","Fugl","120","0","12","Karplanter","2025-05-13T21:33:03.832Z","12","M0Nd4SfnuD8MT2NfILgL"
"128.94.20.113","1","1","shopping-basket","3","0","1","2","11-30 år","64","14","12","0-10 år","2025-05-13T21:34:12.616Z","14","72zFyPmTViA7J2Wf6LiR"
"128.94.20.113","7","7","shopping-basket","2","0","1","3","Karplanter","50","1","12","Fugl","2025-05-13T21:35:54.691Z","12","GtaLRRN63hgVl5rlp6Ro"
"128.94.20.113","36","30","gaze-adaptive","36","0","2","4","Svært lav nøyaktighet","131","4","12","Høy nøyaktighet","2025-05-13T21:38:08.428Z","15","omKtoJr5EQIC2QJEPUBU"
"128.94.20.113","61","48","gaze-adaptive","61","0","2","5","Høy nøyaktighet","228","0","12","Svært høy nøyaktighet","2025-05-13T21:44:58.744Z","17","OCaAXe8E3c2ybed4V2RT"
"128.94.20.113","3","1","gaze-adaptive","3","1","2","6","Liten bygning","25","0","12","Liten bygning","2025-05-13T21:45:24.015Z","15","86LztJbGP9El0pB0ndZu"
"128.94.20.113","2","2","shopping-basket","9","1","3","7","Middels trafikkmengde","51","7","13","Middels trafikkmengde","2025-05-13T21:46:15.015Z","15","uPBkYwzn5JnuSEEx2Glj"
"128.94.20.113","8","6","shopping-basket","6","1","3","8","Mindre tiltak meldt","72","10","13","Mindre tiltak meldt","2025-05-13T21:47:27.168Z","18","2I6JbMsp5tOP3BmwTV3L"
"128.94.20.113","4","4","shopping-basket","2","1","3","9","Mindre tiltak fullført","30","2","13","Mindre tiltak fullført","2025-05-13T21:47:56.832Z","17","8j6HWtrC6PaJ12u7OmdC"
"129.241.236.6","3","3","shopping-basket","6","1","1","1","Karplanter","30","10","12","Karplanter","2025-04-30T09:25:10.527Z","14","Dq5YgNKJtBhPjq4mfGsf"
"129.241.236.6","4","4","shopping-basket","3","1","1","2","0-10 år","29","9","12","0-10 år","2025-04-30T09:25:39.456Z","15","Qz4udTrQHSNkQZxSgpdP"
"129.241.236.6","4","3","shopping-basket","2","1","1","3","Fugl","13","2","12","Fugl","2025-04-30T09:25:52.784Z","13","BHtrzev4mOyNhAiy6nYi"
"129.241.236.6","22","14","interactive","0","1","2","4","Høy nøyaktighet","45","2","12","Høy nøyaktighet","2025-04-30T09:26:37.636Z","16","7GoZpoDkQuoNHmMaub3B"
"129.241.236.6","11","9","interactive","0","1","2","5","Svært høy nøyaktighet","25","0","12","Svært høy nøyaktighet","2025-04-30T09:27:02.572Z","16","TohVt6Vd572X6tGR4MfQ"
"129.241.236.6","13","8","interactive","0","1","2","6","Liten bygning","23","2","12","Liten bygning","2025-04-30T09:27:25.520Z","15","Juv0wcdw5XKYGMIU5ITA"
"129.241.236.6","14","12","gaze-adaptive","14","1","3","7","Middels trafikkmengde","21","1","13","Middels trafikkmengde","2025-04-30T09:27:46.466Z","14","Vc7OWGaduwZePuH8vyrn"
"129.241.236.6","11","10","gaze-adaptive","11","1","3","8","Mindre tiltak meldt","191","2","13","Mindre tiltak meldt","2025-04-30T09:30:58.573Z","15","fTBBiXfMNo5x8qb6JH4V"
"129.241.236.6","5","5","gaze-adaptive","5","1","3","9","Mindre tiltak fullført","14","1","13","Mindre tiltak fullført","2025-04-30T09:31:12.312Z","16","Bj43oDIEMtpS3kuyzzyM"
"212.20.204.67","5","5","shopping-basket","5","1","1","1","Karplanter","90","14","12","Karplanter","2025-05-05T09:54:34.168Z","15","f2MzXVrAH4l4ZCun9PI8"
"212.20.204.67","10","10","shopping-basket","6","0","1","2","11-30 år","75","10","12","0-10 år","2025-05-05T09:55:50.000Z","16","konQIGdQYdTAAyLgmUH9"
"212.20.204.67","3","3","shopping-basket","2","1","1","3","Fugl","28","4","12","Fugl","2025-05-05T09:56:17.895Z","15","KBwzanVA6Aad7ZrHhQQQ"
"212.20.204.67","35","19","gaze-adaptive","35","1","2","4","Høy nøyaktighet","125","4","12","Høy nøyaktighet","2025-05-05T09:58:23.361Z","18","jnynqYV3M1Fchv4uk3Bi"
"212.20.204.67","11","9","gaze-adaptive","11","1","2","5","Svært høy nøyaktighet","54","3","12","Svært høy nøyaktighet","2025-05-05T09:59:17.366Z","18","Cl93fexxHTTyMnb2tB0B"
"212.20.204.67","7","6","gaze-adaptive","7","0","2","6","Veldig liten bygning","24","0","12","Liten bygning","2025-05-05T09:59:41.429Z","17","byB16BTYvZQBPDBmO4bY"
"212.20.204.67","10","8","interactive","0","1","3","7","Middels trafikkmengde","39","1","13","Middels trafikkmengde","2025-05-05T10:00:20.731Z","20","5ioASlvZm2HFaAfnzLhy"
"212.20.204.67","15","14","interactive","0","1","3","8","Mindre tiltak meldt","69","5","13","Mindre tiltak meldt","2025-05-05T10:01:29.573Z","21","ryeQAHj4ZD3wpidlINSN"
"212.20.204.67","7","7","interactive","0","1","3","9","Mindre tiltak fullført","56","0","13","Mindre tiltak fullført","2025-05-05T10:02:25.933Z","16","TRPvpzmQhCAqr3n5g3Je"
"188.216.100.236","5","3","shopping-basket","6","1","1","1","Karplanter","52","21","12","Karplanter","2025-04-24T08:17:34.751Z","14","lePLXpgauzvYCzFjR59d"
"188.216.100.236","4","4","shopping-basket","4","1","1","2","0-10 år","31","6","12","0-10 år","2025-04-24T08:18:05.373Z","14","HWg4HgnJvIz1WFX89uG3"
"188.216.100.236","3","2","shopping-basket","3","1","1","3","Fugl","28","3","12","Fugl","2025-04-24T08:18:33.439Z","13","rtxJRdooNK0NuhK40Zcx"
"188.216.100.236","11","10","gaze-adaptive","11","1","2","4","Høy nøyaktighet","34","4","12","Høy nøyaktighet","2025-04-24T08:19:07.903Z","16","gefDR0MtW50ASi9PxYo4"
"188.216.100.236","16","14","gaze-adaptive","17","1","2","5","Svært høy nøyaktighet","40","0","12","Svært høy nøyaktighet","2025-04-24T08:19:48.181Z","18","7L8rSg6xjsP5fjuGWEXr"
"188.216.100.236","14","12","gaze-adaptive","14","1","2","6","Liten bygning","23","0","12","Liten bygning","2025-04-24T08:20:11.756Z","17","MgMNOsZvs5g203SJwV2l"
"188.216.100.236","20","16","interactive","0","1","3","7","Middels trafikkmengde","35","2","13","Middels trafikkmengde","2025-04-24T08:20:46.870Z","16","E8ZGkBKdJpGp6MoFJBmL"
"188.216.100.236","14","13","interactive","0","1","3","8","Mindre tiltak meldt","27","1","13","Mindre tiltak meldt","2025-04-24T08:21:14.229Z","18","Z9sd2NJ0EdLUEB1tmimc"
"188.216.100.236","17","15","interactive","0","1","3","9","Mindre tiltak fullført","35","0","13","Mindre tiltak fullført","2025-04-24T08:21:49.256Z","18","Qir6YOo0BQ9OCZNSeHhk"
"129.241.236.51","11","7","interactive","0","1","1","1","Karplanter","52","3","12","Karplanter","2025-04-25T11:59:28.051Z","14","8lF3cAyJ68obJntpVHZl"
"129.241.236.51","12","9","interactive","0","1","1","2","0-10 år","27","0","12","0-10 år","2025-04-25T11:59:55.476Z","14","TCl7B36PNxHpyUCNkos1"
"129.241.236.51","8","6","interactive","0","1","1","3","Fugl","20","0","12","Fugl","2025-04-25T12:00:15.187Z","13","vSwMaRQ9zz6UIoMJLgxJ"
"129.241.236.51","28","24","shopping-basket","1","0","2","4","Svært høy nøyaktighet","47","2","12","Høy nøyaktighet","2025-04-25T12:01:02.537Z","17","Wdx2PlkOkcnFhJD3jzdx"
"129.241.236.51","26","20","shopping-basket","6","1","2","5","Svært høy nøyaktighet","46","11","12","Svært høy nøyaktighet","2025-04-25T12:01:48.856Z","14","A5cdpXCOzeiEeF1vxiSL"
"129.241.236.51","46","32","shopping-basket","3","0","2","6","Veldig liten bygning","60","3","12","Liten bygning","2025-04-25T12:02:48.619Z","14","yfG8fK4YA4Hk3wjWemzX"
"129.241.236.51","8","7","gaze-adaptive","8","0","3","7","Høy trafikkmengde","28","1","13","Middels trafikkmengde","2025-04-25T12:03:17.195Z","15","20zr3Q53rP0ylKtT95g7"
"129.241.236.51","17","13","gaze-adaptive","17","1","3","8","Mindre tiltak meldt","35","0","13","Mindre tiltak meldt","2025-04-25T12:03:52.621Z","17","zO9ZDDuUuJ1DomFBzfCK"
"129.241.236.51","12","10","gaze-adaptive","12","0","3","9","Ferdig bygget","21","0","13","Mindre tiltak fullført","2025-04-25T12:04:14.040Z","18","lZUaawVUpy1iGGss9rrY"
"51.175.176.9","3","2","shopping-basket","7","1","1","1","Karplanter","46","9","12","Karplanter","2025-04-24T06:48:05.887Z","14","T3rfAnr4s6cdVLL3sYb5"
"51.175.176.9","2","1","shopping-basket","4","1","1","2","0-10 år","24","6","12","0-10 år","2025-04-24T06:48:30.322Z","14","QomYetWqXLnFZwt3ls52"
"51.175.176.9","13","11","shopping-basket","2","1","1","3","Fugl","33","3","12","Fugl","2025-04-24T06:49:03.028Z","14","iAGieQlSdHNOPhMnzWvH"
"51.175.176.9","60","29","interactive","0","1","2","4","Høy nøyaktighet","127","3","12","Høy nøyaktighet","2025-04-24T06:51:11.019Z","16","TtjxKjlEHXwOGd2rBdX3"
"51.175.176.9","5","4","interactive","0","1","2","5","Svært høy nøyaktighet","23","0","12","Svært høy nøyaktighet","2025-04-24T06:51:33.731Z","17","aZ4hwfLYOJeuOFxwu99s"
"51.175.176.9","1","1","interactive","0","1","2","6","Liten bygning","15","0","12","Liten bygning","2025-04-24T06:51:48.490Z","16","SuDa2bMimcN3fS6NV86V"
"51.175.176.9","5","5","gaze-adaptive","5","1","3","7","Middels trafikkmengde","17","0","13","Middels trafikkmengde","2025-04-24T06:52:05.361Z","15","rfT1nrxQXwNN7wI14QmL"
"51.175.176.9","10","10","gaze-adaptive","10","1","3","8","Mindre tiltak meldt","22","0","13","Mindre tiltak meldt","2025-04-24T06:52:27.227Z","18","hWXJvzDKXyyW4Lr8IvH9"
"51.175.176.9","6","5","gaze-adaptive","6","1","3","9","Mindre tiltak fullført","22","0","13","Mindre tiltak fullført","2025-04-24T06:52:49.781Z","22","XELSb3XnGEVdTEsWQyLz"
"129.241.236.96","3","3","gaze-adaptive","3","1","1","1","Karplanter","26","0","12","Karplanter","2025-04-24T07:51:19.809Z","13","3U7xLSiqe95Ebb9woRVZ"
"129.241.236.96","5","3","gaze-adaptive","5","1","1","2","0-10 år","38","0","12","0-10 år","2025-04-24T07:51:58.264Z","13","IFnnj6gclLylQtXMLAex"
"129.241.236.96","5","3","gaze-adaptive","5","1","1","3","Fugl","20","0","12","Fugl","2025-04-24T07:52:18.008Z","12","gA0l4LRVGQbyCRcBJs1W"
"129.241.236.96","9","5","interactive","0","0","2","4","Middels nøyaktighet","30","0","12","Høy nøyaktighet","2025-04-24T07:52:48.444Z","14","JciI5o17Pp53mNSmvgpq"
"129.241.236.96","8","5","interactive","0","1","2","5","Svært høy nøyaktighet","29","0","12","Svært høy nøyaktighet","2025-04-24T07:53:18.054Z","13","BEYJ3b5SsZ2blR1CURFB"
"129.241.236.96","6","4","interactive","0","1","2","6","Liten bygning","17","0","12","Liten bygning","2025-04-24T07:53:35.053Z","13","2SBCZu8N6ACjuwr3JgRG"
"129.241.236.96","5","2","shopping-basket","2","1","3","7","Middels trafikkmengde","18","3","13","Middels trafikkmengde","2025-04-24T07:53:53.042Z","14","cA4IuvNACAFJHc1UROKZ"
"129.241.236.96","18","9","shopping-basket","12","1","3","8","Mindre tiltak meldt","70","13","13","Mindre tiltak meldt","2025-04-24T07:55:03.579Z","15","uivhtusQGbAxf6I8bbpJ"
"129.241.236.96","3","1","shopping-basket","4","0","3","9","Under bygging","21","4","13","Mindre tiltak fullført","2025-04-24T07:55:24.674Z","15","PpVMB306qJomugwXkICa"
"185.176.244.74","6","6","gaze-adaptive","6","1","1","1","Karplanter","34","0","12","Karplanter","2025-05-10T18:30:30.091Z","14","6F9pizT6yGnGdRlAQgOC"
"185.176.244.74","11","10","gaze-adaptive","11","1","1","2","0-10 år","40","1","12","0-10 år","2025-05-10T18:31:10.109Z","14","Ehui0Tm35sszb7rvhlTI"
"185.176.244.74","5","4","gaze-adaptive","5","1","1","3","Fugl","14","0","12","Fugl","2025-05-10T18:31:23.991Z","12","ucqPLsBuCITjYyvqbmSD"
"185.176.244.74","11","8","interactive","0","1","2","4","Høy nøyaktighet","29","0","12","Høy nøyaktighet","2025-05-10T18:31:52.876Z","14","o3AvtMu1dBmfVlucFc3T"
"185.176.244.74","15","10","interactive","0","0","2","5","Svært lav nøyaktighet","30","2","12","Svært høy nøyaktighet","2025-05-10T18:32:23.365Z","15","oTXSqSRf5dzzAvqKkbVz"
"185.176.244.74","9","6","interactive","0","1","2","6","Liten bygning","18","0","12","Liten bygning","2025-05-10T18:32:41.682Z","14","8ofesGgkVGr8KSeZ6SAn"
"185.176.244.74","9","9","shopping-basket","2","1","3","7","Middels trafikkmengde","19","3","13","Middels trafikkmengde","2025-05-10T18:33:01.074Z","15","YiUYygJqZVNzwDKY45bd"
"185.176.244.74","11","8","shopping-basket","7","1","3","8","Mindre tiltak meldt","50","9","13","Mindre tiltak meldt","2025-05-10T18:33:50.763Z","16","NncAcYB1QGhE69Dba06Q"
"185.176.244.74","10","10","shopping-basket","2","1","3","9","Mindre tiltak fullført","26","4","13","Mindre tiltak fullført","2025-05-10T18:34:16.800Z","15","eaBzPjwOFnyBclaSJV9B"
"104.28.31.33","3","3","interactive","0","1","1","1","Karplanter","18","2","12","Karplanter","2025-04-24T08:22:26.406Z","14","JNSBtxI7ULBUGQUvRQtc"
"104.28.31.33","9","6","interactive","0","1","1","2","0-10 år","81","2","12","0-10 år","2025-04-24T08:23:47.718Z","15","MiGKONRqy1R2dogbxWEA"
"104.28.31.33","6","4","interactive","0","1","1","3","Fugl","328","0","12","Fugl","2025-04-24T08:29:16.195Z","13","cAPSTXwBCth22SVCFFfE"
"104.28.31.33","70","27","shopping-basket","11","0","2","4","Svært lav nøyaktighet","126","19","12","Høy nøyaktighet","2025-04-24T08:31:22.458Z","15","C9JhDVoswPLEub1JEyeX"
"104.28.31.33","15","10","shopping-basket","3","0","2","5","Høy nøyaktighet","40","5","12","Svært høy nøyaktighet","2025-04-24T08:32:02.849Z","18","0bnxWENgNZDbh4Dr1g4c"
"104.28.31.33","13","7","shopping-basket","9","1","2","6","Liten bygning","37","11","12","Liten bygning","2025-04-24T08:32:40.446Z","18","0TEG6rG273HzPvUhSb3I"
"104.28.31.33","6","6","gaze-adaptive","6","1","3","7","Middels trafikkmengde","19","1","13","Middels trafikkmengde","2025-04-24T08:32:59.294Z","20","ikY7VLl0rJdlyI6V4XN0"
"104.28.31.33","5","4","gaze-adaptive","5","1","3","8","Mindre tiltak meldt","29","4","13","Mindre tiltak meldt","2025-04-24T08:33:28.829Z","17","kdl1eu8rv8wBUVoELVzZ"
"104.28.31.33","7","4","gaze-adaptive","7","1","3","9","Mindre tiltak fullført","28","2","13","Mindre tiltak fullført","2025-04-24T08:33:57.027Z","17","0HYHd50rtgLy9Xt6V8Xw"
"176.221.89.67","4","4","gaze-adaptive","4","1","1","1","Karplanter","68","0","12","Karplanter","2025-05-05T10:18:50.357Z","13","pyb59CJRayDOOowlAGIu"
"176.221.89.67","3","3","gaze-adaptive","3","0","1","2","11-30 år","29","0","12","0-10 år","2025-05-05T10:19:19.597Z","13","WC9LAoVTKz2SxiMXfBsM"
"176.221.89.67","0","0","gaze-adaptive","0","1","1","3","Fugl","14","0","12","Fugl","2025-05-05T10:19:34.152Z","12","psF13kT5i4Mp1sk3slWt"
"176.221.89.67","9","9","interactive","0","1","2","4","Høy nøyaktighet","57","0","12","Høy nøyaktighet","2025-05-05T10:20:30.971Z","14","6ap3EwpKRFf7sbc32fie"
"176.221.89.67","2","2","interactive","0","0","2","5","Høy nøyaktighet","22","0","12","Svært høy nøyaktighet","2025-05-05T10:20:52.691Z","13","cFv7vsSzyOH99SgQGJnV"
"176.221.89.67","3","3","interactive","0","1","2","6","Liten bygning","15","0","12","Liten bygning","2025-05-05T10:21:07.841Z","13","ZYQI2jhAfV5EaQpLm437"
"176.221.89.67","2","2","shopping-basket","2","1","3","7","Middels trafikkmengde","20","2","13","Middels trafikkmengde","2025-05-05T10:21:28.408Z","14","1TQmK7pC19rzpwPzYsno"
"176.221.89.67","1","1","shopping-basket","4","1","3","8","Mindre tiltak meldt","45","8","13","Mindre tiltak meldt","2025-05-05T10:22:13.260Z","14","7JILlHFTUsXXQOTRzuD7"
"176.221.89.67","3","3","shopping-basket","14","1","3","9","Mindre tiltak fullført","73","12","13","Mindre tiltak fullført","2025-05-05T10:23:26.113Z","15","u0riI2LinnIRitlnYmOZ"
"78.156.8.234","9","7","interactive","0","0","1","1","Alger","25","0","12","Karplanter","2025-04-30T16:24:43.929Z","11","eNEhZKUmUS8HgmpCgy0V"
"78.156.8.234","2","1","interactive","0","0","1","2","31-50 år","21","0","12","0-10 år","2025-04-30T16:25:05.445Z","12","dhxsxm6psTSmlEj2xHqt"
"78.156.8.234","8","6","interactive","0","0","1","3","Karplanter","21","0","12","Fugl","2025-04-30T16:25:26.697Z","11","cM7vOgNHWFzcibM4ZH82"
"78.156.8.234","0","0","gaze-adaptive","0","0","2","4","Lav nøyaktighet","11","0","12","Høy nøyaktighet","2025-04-30T16:25:37.460Z","12","7Or3CZo6OitxumjnznOH"
"78.156.8.234","3","2","gaze-adaptive","3","0","2","5","Middels nøyaktighet","21","0","12","Svært høy nøyaktighet","2025-04-30T16:25:58.292Z","12","PEfeGttg7aUrQeOzBl6u"
"78.156.8.234","0","0","gaze-adaptive","0","1","2","6","Liten bygning","3","0","12","Liten bygning","2025-04-30T16:26:01.720Z","12","5KM6ojfeFDORY2JmiBwY"
"78.156.8.234","1","1","shopping-basket","1","0","3","7","Lav trafikkmengde","11","0","13","Middels trafikkmengde","2025-04-30T16:26:12.343Z","13","EDunUsl4g4WGUsqwJPmL"
"78.156.8.234","0","0","shopping-basket","0","0","3","8","Mindre tiltak fullført","7","0","13","Mindre tiltak meldt","2025-04-30T16:26:19.129Z","13","cWaGYdOILUQ6X90hKMRU"
"78.156.8.234","0","0","shopping-basket","0","1","3","9","Mindre tiltak fullført","3","0","13","Mindre tiltak fullført","2025-04-30T16:26:22.713Z","13","F2VS5vXTi8adwDZe474y"
"129.241.236.188","2","2","interactive","0","1","1","1","Karplanter","46","2","12","Karplanter","2025-04-25T14:12:03.752Z","13","Tfr8Dh9JJ82vQ4mk6P03"
"129.241.236.188","3","3","interactive","0","0","1","2","11-30 år","29","0","12","0-10 år","2025-04-25T14:12:32.554Z","13","Z5xcbuADAIi0hvvilqxg"
"129.241.236.188","6","6","interactive","0","1","1","3","Fugl","30","0","12","Fugl","2025-04-25T14:13:03.081Z","10","UZM5tUo14YWWACQdNcuC"
"129.241.236.188","12","4","gaze-adaptive","12","0","2","4","Middels nøyaktighet","72","1","12","Høy nøyaktighet","2025-04-25T14:14:15.005Z","14","XgPcG4lH8GXCtbLx58hB"
"129.241.236.188","11","6","gaze-adaptive","11","1","2","5","Svært høy nøyaktighet","31","1","12","Svært høy nøyaktighet","2025-04-25T14:14:45.763Z","14","pcY6KxxFdWR0RaZ87ozc"
"129.241.236.188","19","13","gaze-adaptive","19","1","2","6","Liten bygning","38","1","12","Liten bygning","2025-04-25T14:15:23.480Z","12","zbVet1QKOC3jaZtwBhtY"
"129.241.236.188","4","4","shopping-basket","2","1","3","7","Middels trafikkmengde","16","2","13","Middels trafikkmengde","2025-04-25T14:15:39.857Z","14","j2MX5vvwOPY2N8oP57Hr"
"129.241.236.188","4","3","shopping-basket","12","1","3","8","Mindre tiltak meldt","55","7","13","Mindre tiltak meldt","2025-04-25T14:16:34.792Z","15","m18XKRfpm8XOzsqsNEKu"
"129.241.236.188","41","20","shopping-basket","12","0","3","9","Ferdig bygget","91","34","13","Mindre tiltak fullført","2025-04-25T14:18:06.458Z","15","D2WAEK7e15bvnp4VkHCx"
"130.190.58.47","1","1","interactive","0","1","1","1","Karplanter","27","0","12","Karplanter","2025-04-24T06:42:30.872Z","13","J3lrqdlxalAYfScf6OD3"
"130.190.58.47","1","1","interactive","0","1","1","2","0-10 år","20","0","12","0-10 år","2025-04-24T06:42:50.821Z","13","nbP3MXeH9XR5psVC4OWN"
"130.190.58.47","1","0","interactive","0","1","1","3","Fugl","18","0","12","Fugl","2025-04-24T06:43:08.504Z","12","YiA0k5KyhMH89hoQdoyl"
"130.190.58.47","6","4","gaze-adaptive","6","1","2","4","Høy nøyaktighet","48","0","12","Høy nøyaktighet","2025-04-24T06:43:56.985Z","15","mS3L2G7jgVzDppJRzlyx"
"130.190.58.47","10","2","gaze-adaptive","10","0","2","5","Svært lav nøyaktighet","44","0","12","Svært høy nøyaktighet","2025-04-24T06:44:40.737Z","13","TvzXaImwBoqJStuTcCGN"
"130.190.58.47","2","1","gaze-adaptive","2","1","2","6","Liten bygning","19","0","12","Liten bygning","2025-04-24T06:44:59.872Z","14","idbmR0Gs6sWCrLQiABJW"
"130.190.58.47","5","3","shopping-basket","3","1","3","7","Middels trafikkmengde","21","14","13","Middels trafikkmengde","2025-04-24T06:45:21.303Z","14","tWFXzKktiSF4eQ3erplP"
"130.190.58.47","2","1","shopping-basket","6","1","3","8","Mindre tiltak meldt","37","28","13","Mindre tiltak meldt","2025-04-24T06:45:58.350Z","14","tTSyE1zy6jGp6fIfnteZ"
"130.190.58.47","2","1","shopping-basket","10","0","3","9","Midlertidig tatt i bruk","48","52","13","Mindre tiltak fullført","2025-04-24T06:46:46.268Z","14","yvgyz83Su7AFOAHknaVP"
"129.241.236.26","1","1","interactive","0","1","1","1","Karplanter","33","0","12","Karplanter","2025-04-24T08:25:10.794Z","13","8vtTcDP2nKDUjXMP3J99"
"129.241.236.26","3","2","interactive","0","1","1","2","0-10 år","31","0","12","0-10 år","2025-04-24T08:25:41.421Z","13","a7ZONPNt7BJg6X2MSOSr"
"129.241.236.26","4","4","interactive","0","1","1","3","Fugl","16","1","12","Fugl","2025-04-24T08:25:58.083Z","11","DojOk07LmSnJq1IxkGiG"
"129.241.236.26","6","4","shopping-basket","8","0","2","4","Middels nøyaktighet","55","14","12","Høy nøyaktighet","2025-04-24T08:26:52.926Z","15","uFW5SXsl8I3G6GykpLEV"
"129.241.236.26","3","2","shopping-basket","1","0","2","5","Lav nøyaktighet","35","1","12","Svært høy nøyaktighet","2025-04-24T08:27:27.871Z","13","t4UzhbSpYKZEfim1CqPd"
"129.241.236.26","3","2","shopping-basket","4","1","2","6","Liten bygning","17","4","12","Liten bygning","2025-04-24T08:27:45.494Z","13","QRQDDlvNwln5iBYWQwF4"
"129.241.236.26","1","1","gaze-adaptive","1","1","3","7","Middels trafikkmengde","20","3","13","Middels trafikkmengde","2025-04-24T08:28:06.204Z","14","EWz1sg72d7z6MMmPUeUk"
"129.241.236.26","0","0","gaze-adaptive","0","0","3","8","Ferdig bygget","5","2","13","Mindre tiltak meldt","2025-04-24T08:28:11.639Z","13","8BbIEtAqtG4dUmxkytr6"
"129.241.236.26","0","0","gaze-adaptive","0","0","3","9","Mindre tiltak meldt","3","0","13","Mindre tiltak fullført","2025-04-24T08:28:15.214Z","13","ykllVskYkMXcDwRIlW1y"
"129.241.236.175","6","6","gaze-adaptive","6","1","1","1","Karplanter","29","0","12","Karplanter","2025-04-24T07:18:56.087Z","14","O1o5PvpCzVKTr7EhnYt1"
"129.241.236.175","6","6","gaze-adaptive","6","1","1","2","0-10 år","20","0","12","0-10 år","2025-04-24T07:19:15.768Z","14","5FSxFQSmIXcfWMQ1kyj1"
"129.241.236.175","31","27","gaze-adaptive","31","1","1","3","Fugl","55","0","12","Fugl","2025-04-24T07:20:10.698Z","13","aZRmqMvdsJdspdnap3lr"
"129.241.236.175","65","49","shopping-basket","3","0","2","4","Svært høy nøyaktighet","98","4","12","Høy nøyaktighet","2025-04-24T07:21:49.231Z","15","TwLhMdZHaI3UkpzSvfSc"
"129.241.236.175","44","38","shopping-basket","5","0","2","5","Middels nøyaktighet","72","6","12","Svært høy nøyaktighet","2025-04-24T07:23:01.384Z","16","iJ3qPjbQ8U95rqAI6Zz8"
"129.241.236.175","11","8","shopping-basket","3","1","2","6","Liten bygning","36","6","12","Liten bygning","2025-04-24T07:23:37.814Z","15","ugEGFeAh1AuZ4ceT7HJ3"
"129.241.236.175","5","4","interactive","0","1","3","7","Middels trafikkmengde","22","1","13","Middels trafikkmengde","2025-04-24T07:24:00.007Z","15","lUOjaM3C5Zzw9E8eZy1M"
"129.241.236.175","3","3","interactive","0","1","3","8","Mindre tiltak meldt","41","2","13","Mindre tiltak meldt","2025-04-24T07:24:41.276Z","15","lPkFuRbkqqQgqr2gb5mM"
"129.241.236.175","12","8","interactive","0","1","3","9","Mindre tiltak fullført","43","2","13","Mindre tiltak fullført","2025-04-24T07:25:24.206Z","14","MqBK5Qjj5tYRNaSbtqdF"
"101.9.247.52","4","4","interactive","0","1","1","1","Karplanter","35","2","12","Karplanter","2025-04-24T07:31:23.067Z","13","DaJRuV441PkpgxAutFsO"
"101.9.247.52","1","1","interactive","0","1","1","2","0-10 år","20","1","12","0-10 år","2025-04-24T07:31:43.210Z","13","if4nbZFs7afDDEhHtBoi"
"101.9.247.52","13","8","interactive","0","1","1","3","Fugl","43","0","12","Fugl","2025-04-24T07:32:26.324Z","12","FSalbTw7G3qtqkySDTiX"
"101.9.247.52","8","5","gaze-adaptive","8","1","2","4","Høy nøyaktighet","44","0","12","Høy nøyaktighet","2025-04-24T07:33:11.063Z","15","fPJkArM7koNE8fzWC1xQ"
"101.9.247.52","6","5","gaze-adaptive","6","1","2","5","Svært høy nøyaktighet","29","0","12","Svært høy nøyaktighet","2025-04-24T07:33:40.172Z","16","9Zwt12HDmgBOK66HxRBJ"
"101.9.247.52","2","2","gaze-adaptive","2","1","2","6","Liten bygning","15","0","12","Liten bygning","2025-04-24T07:33:55.746Z","15","gRwqmpUsyhHBDy5w2yAb"
"101.9.247.52","8","5","shopping-basket","1","1","3","7","Middels trafikkmengde","33","1","13","Middels trafikkmengde","2025-04-24T07:34:28.829Z","15","LW8JB8eyrLqAHgNc9Who"
"101.9.247.52","7","4","shopping-basket","8","1","3","8","Mindre tiltak meldt","54","11","13","Mindre tiltak meldt","2025-04-24T07:35:22.904Z","17","6qzHw1LYssqTfcWdb0Xx"
"101.9.247.52","8","6","shopping-basket","6","1","3","9","Mindre tiltak fullført","39","8","13","Mindre tiltak fullført","2025-04-24T07:36:01.931Z","16","EZYYCuDfXmZM0QNjfdDz"
"77.88.123.6","0","0","interactive","0","1","1","1","Karplanter","54","0","12","Karplanter","2025-05-05T12:00:59.138Z","12","aBkWwvNBe6UemEaaG7HM"
"77.88.123.6","0","0","interactive","0","1","1","2","0-10 år","35","0","12","0-10 år","2025-05-05T12:01:34.451Z","12","vHDvLwVE2aa2LtRUpAQs"
"77.88.123.6","0","0","interactive","0","1","1","3","Fugl","20","0","12","Fugl","2025-05-05T12:01:54.327Z","12","QdBbI1e7qL4CQmhFSbsV"
"77.88.123.6","14","7","shopping-basket","5","0","2","4","Svært lav nøyaktighet","103","17","12","Høy nøyaktighet","2025-05-05T12:03:37.525Z","16","F3ER1ew0ii9E3TpqXUzk"
"77.88.123.6","9","8","shopping-basket","6","1","2","5","Svært høy nøyaktighet","56","8","12","Svært høy nøyaktighet","2025-05-05T12:04:33.494Z","14","EMlKfJFg2Gb4e1FXzenO"
"77.88.123.6","2","2","shopping-basket","6","1","2","6","Liten bygning","42","4","12","Liten bygning","2025-05-05T12:05:16.078Z","13","mySMoBmaEVrqPD7ahx3V"
"77.88.123.6","0","0","gaze-adaptive","0","1","3","7","Middels trafikkmengde","16","1","13","Middels trafikkmengde","2025-05-05T12:05:32.255Z","13","PLOHAODXyAxUgQXKV03a"
"77.88.123.6","3","2","gaze-adaptive","3","1","3","8","Mindre tiltak meldt","40","2","13","Mindre tiltak meldt","2025-05-05T12:06:11.994Z","16","D1G3KbVdmIEpr8EIvZRE"
"77.88.123.6","5","4","gaze-adaptive","5","0","3","9","Ferdig bygget","49","0","13","Mindre tiltak fullført","2025-05-05T12:07:00.866Z","15","yMwFACa9y9UNXKoxrm4L"
"129.241.236.24","3","3","interactive","0","1","1","1","Karplanter","26","0","12","Karplanter","2025-04-24T12:24:42.407Z","14","DFIjDFhzekacCrOpSWZw"
"129.241.236.24","6","6","interactive","0","1","1","2","0-10 år","23","0","12","0-10 år","2025-04-24T12:25:05.333Z","14","KuUoNGqvffHfKtRCb86b"
"129.241.236.24","6","6","interactive","0","1","1","3","Fugl","25","0","12","Fugl","2025-04-24T12:25:30.671Z","12","sfbn1b3Kv57YsFk03gUX"
"129.241.236.24","22","18","gaze-adaptive","22","1","2","4","Høy nøyaktighet","38","0","12","Høy nøyaktighet","2025-04-24T12:26:09.068Z","17","NC6Lx72zYNp2upHnhp2L"
"129.241.236.24","15","11","gaze-adaptive","16","1","2","5","Svært høy nøyaktighet","43","0","12","Svært høy nøyaktighet","2025-04-24T12:26:52.602Z","17","yltTA6EyqQmHC8huBp4g"
"129.241.236.24","4","3","gaze-adaptive","4","1","2","6","Liten bygning","21","0","12","Liten bygning","2025-04-24T12:27:13.302Z","16","X3RHtSlM0JgBrN07pG7t"
"129.241.236.24","4","4","shopping-basket","8","1","3","7","Middels trafikkmengde","25","9","13","Middels trafikkmengde","2025-04-24T12:27:38.916Z","16","yV8tBmzRtKWtRVOAbBEq"
"129.241.236.24","14","11","shopping-basket","10","1","3","8","Mindre tiltak meldt","102","44","13","Mindre tiltak meldt","2025-04-24T12:29:21.919Z","15","aVJrehIkVKteSwwx5whg"
"129.241.236.24","5","3","shopping-basket","2","1","3","9","Mindre tiltak fullført","18","3","13","Mindre tiltak fullført","2025-04-24T12:29:40.503Z","16","xtzcpTOcyTarki8pCrbo"
"85.165.226.200","15","15","shopping-basket","11","1","1","1","Karplanter","132","31","12","Karplanter","2025-05-05T09:25:32.960Z","15","ZR4ZmP6EtrCMEwqcxNBr"
"85.165.226.200","15","9","shopping-basket","18","1","1","2","0-10 år","63","35","12","0-10 år","2025-05-05T09:26:36.058Z","17","t0v43iA9dzTxHjNwTbFF"
"85.165.226.200","9","9","shopping-basket","4","1","1","3","Fugl","52","4","12","Fugl","2025-05-05T09:27:28.019Z","13","6w48kKY4hkvOxulLCtMP"
"85.165.226.200","17","16","interactive","0","1","2","4","Høy nøyaktighet","61","13","12","Høy nøyaktighet","2025-05-05T09:28:29.213Z","15","ZQfroFIKtTAzYJfq2uXt"
"85.165.226.200","6","4","interactive","0","1","2","5","Svært høy nøyaktighet","29","0","12","Svært høy nøyaktighet","2025-05-05T09:28:58.101Z","15","sXxSKQFRhx9KhwqX1BQe"
"85.165.226.200","4","4","interactive","0","1","2","6","Liten bygning","25","0","12","Liten bygning","2025-05-05T09:29:22.998Z","15","L9m7g7mvRagmOCUholY6"
"85.165.226.200","5","5","gaze-adaptive","5","1","3","7","Middels trafikkmengde","26","0","13","Middels trafikkmengde","2025-05-05T09:29:49.015Z","16","BOhQb4ECJBHLe0UMhcHD"
"85.165.226.200","10","8","gaze-adaptive","10","1","3","8","Mindre tiltak meldt","31","3","13","Mindre tiltak meldt","2025-05-05T09:30:19.792Z","18","pbnuLQwWpgiLb38yHCrr"
"85.165.226.200","7","7","gaze-adaptive","7","1","3","9","Mindre tiltak fullført","31","0","13","Mindre tiltak fullført","2025-05-05T09:30:50.943Z","19","PJtHe0fjNGae6qeV7s4v"
"85.19.221.50","0","0","gaze-adaptive","0","1","1","1","Karplanter","28","0","12","Karplanter","2025-05-05T09:13:38.400Z","12","dHtWfTWGhicwgr133RAl"
"85.19.221.50","0","0","gaze-adaptive","0","1","1","2","0-10 år","22","0","12","0-10 år","2025-05-05T09:14:00.175Z","12","UPyUzHztH1lveObHohTa"
"85.19.221.50","0","0","gaze-adaptive","0","1","1","3","Fugl","19","0","12","Fugl","2025-05-05T09:14:19.640Z","12","lvqEJso83xF9ZBYMDd8i"
"85.19.221.50","13","11","interactive","0","1","2","4","Høy nøyaktighet","80","0","12","Høy nøyaktighet","2025-05-05T09:15:39.670Z","15","ie4wGNbbM2kj8LFhgDsb"
"85.19.221.50","3","2","interactive","0","1","2","5","Svært høy nøyaktighet","30","0","12","Svært høy nøyaktighet","2025-05-05T09:16:09.652Z","14","tVhZ4rAbhn8MPK1roaaN"
"85.19.221.50","1","1","interactive","0","1","2","6","Liten bygning","19","0","12","Liten bygning","2025-05-05T09:16:28.498Z","15","1ONFabVqCHbE1CzABjkF"
"85.19.221.50","0","0","shopping-basket","1","1","3","7","Middels trafikkmengde","18","1","13","Middels trafikkmengde","2025-05-05T09:16:46.429Z","13","EB9NTVCgzlWpleDearrv"
"85.19.221.50","1","1","shopping-basket","2","1","3","8","Mindre tiltak meldt","32","2","13","Mindre tiltak meldt","2025-05-05T09:17:18.427Z","15","6kK9gKOlHNgLvDTiJPSr"
"85.19.221.50","4","4","shopping-basket","5","1","3","9","Mindre tiltak fullført","31","5","13","Mindre tiltak fullført","2025-05-05T09:17:49.989Z","15","botOTYil87I2cr2P2jm5"
"129.241.236.191","3","2","gaze-adaptive","3","1","1","1","Karplanter","49","1","12","Karplanter","2025-05-02T08:58:49.864Z","14","hYRo83xAjhMf4QBgNwCh"
"129.241.236.191","6","3","gaze-adaptive","6","1","1","2","0-10 år","36","0","12","0-10 år","2025-05-02T08:59:26.446Z","13","ZYenUirRRYS74YKLazk5"
"129.241.236.191","9","5","gaze-adaptive","9","1","1","3","Fugl","27","0","12","Fugl","2025-05-02T08:59:53.776Z","13","CTsUAMPKgCVSMu0kJpyC"
"129.241.236.191","7","3","interactive","0","1","2","4","Høy nøyaktighet","48","0","12","Høy nøyaktighet","2025-05-02T09:00:41.752Z","15","pcM7G98ipFCS59Bckzh6"
"129.241.236.191","6","2","interactive","0","1","2","5","Svært høy nøyaktighet","24","0","12","Svært høy nøyaktighet","2025-05-02T09:01:06.294Z","14","adXm2gzDJczGFtJ2A41a"
"129.241.236.191","5","2","interactive","0","1","2","6","Liten bygning","22","0","12","Liten bygning","2025-05-02T09:01:28.512Z","14","4KZ1GevRjoyApDj3AZkY"
"129.241.236.191","4","2","shopping-basket","1","1","3","7","Middels trafikkmengde","18","1","13","Middels trafikkmengde","2025-05-02T09:01:46.790Z","15","A8I7lFa3tIrVVkuvaTFJ"
"129.241.236.191","4","2","shopping-basket","8","0","3","8","Midlertidig tatt i bruk","73","9","13","Mindre tiltak meldt","2025-05-02T09:03:00.114Z","15","74YYuVaU2DVtAjyRTzno"
"129.241.236.191","2","1","shopping-basket","2","0","3","9","Under bygging","27","3","13","Mindre tiltak fullført","2025-05-02T09:03:27.496Z","14","ExWUyGoQ3lyWVse7qwKL"
"82.194.204.213","16","13","gaze-adaptive","16","1","1","1","Karplanter","43","0","12","Karplanter","2025-04-27T18:52:52.284Z","17","hzg5RPIHxWEtOiRjCQjJ"
"82.194.204.213","9","6","gaze-adaptive","9","1","1","2","0-10 år","25","0","12","0-10 år","2025-04-27T18:53:17.418Z","16","GiSQIvWeNFalylIOQmmh"
"82.194.204.213","9","7","gaze-adaptive","9","1","1","3","Fugl","26","0","12","Fugl","2025-04-27T18:53:43.334Z","16","kzwIar35cqvDDJYiEhVP"
"82.194.204.213","24","15","shopping-basket","5","1","2","4","Høy nøyaktighet","76","16","12","Høy nøyaktighet","2025-04-27T18:54:59.534Z","15","AYDO9Depo1iF201xjugb"
"82.194.204.213","14","12","shopping-basket","4","1","2","5","Svært høy nøyaktighet","29","8","12","Svært høy nøyaktighet","2025-04-27T18:55:28.533Z","17","WtvVVTsphpAeyyaPhLcf"
"82.194.204.213","10","8","shopping-basket","5","1","2","6","Liten bygning","32","8","12","Liten bygning","2025-04-27T18:56:00.744Z","16","Z42DyBmh4Z3nuv8w3Taj"
"82.194.204.213","35","27","interactive","0","1","3","7","Middels trafikkmengde","69","1","13","Middels trafikkmengde","2025-04-27T18:57:10.471Z","15","0rFRzhe3ERyOr2ReJra0"
"82.194.204.213","19","16","interactive","0","1","3","8","Mindre tiltak meldt","55","1","13","Mindre tiltak meldt","2025-04-27T18:58:05.409Z","22","j0KEuQHXkqCQDuCIZr5r"
"82.194.204.213","99","78","interactive","0","1","3","9","Mindre tiltak fullført","171","0","13","Mindre tiltak fullført","2025-04-27T19:00:57.226Z","22","OrXMHer6AytNs2RNwRAH"
"178.164.31.98","3","3","interactive","0","1","1","1","Karplanter","62","0","12","Karplanter","2025-05-13T11:14:02.383Z","14","Fq6u3AL5zKE5GEPodokG"
"178.164.31.98","5","4","interactive","0","1","1","2","0-10 år","49","1","12","0-10 år","2025-05-13T11:14:51.597Z","15","wPqkvIdvdreUOvc1YUm2"
"178.164.31.98","1","1","interactive","0","1","1","3","Fugl","19","0","12","Fugl","2025-05-13T11:15:11.129Z","13","5uiOtSjHRSnQItGSZdxV"
"178.164.31.98","41","13","shopping-basket","32","1","2","4","Høy nøyaktighet","231","43","12","Høy nøyaktighet","2025-05-13T11:19:02.234Z","16","pX1mFODOUlTa5AEZd4BJ"
"178.164.31.98","7","5","shopping-basket","10","1","2","5","Svært høy nøyaktighet","42","13","12","Svært høy nøyaktighet","2025-05-13T11:19:44.459Z","16","FcSwASHyuk0AYRoZnaDL"
"178.164.31.98","8","4","shopping-basket","3","1","2","6","Liten bygning","26","8","12","Liten bygning","2025-05-13T11:20:10.927Z","15","WGIJChGfg4MH74UEVKPI"
"178.164.31.98","3","3","gaze-adaptive","3","1","3","7","Middels trafikkmengde","24","1","13","Middels trafikkmengde","2025-05-13T11:20:34.848Z","17","8nIb8BtFKMtpHt4fDx6L"
"178.164.31.98","9","5","gaze-adaptive","9","1","3","8","Mindre tiltak meldt","39","1","13","Mindre tiltak meldt","2025-05-13T11:21:14.417Z","18","Qeiiy0OpANq25E2cYjF3"
"178.164.31.98","22","7","gaze-adaptive","22","0","3","9","Midlertidig tatt i bruk","67","3","13","Mindre tiltak fullført","2025-05-13T11:22:21.632Z","18","GNdhUSSYsCx7ixA6f1Eh"